LAST-NAME,FIRST-NAME,MIDDLE-NAME,STUDENT-ID,INTERNAL-ID,GRADE,PHONE_NUMBER,GENDER,GRADYEAR,ADDRESS,SECOND_PHONE,BIRTHDATE,THIRD_PHONE,EMAIL_ADDRESS,DUAL-CREDIT-ELIGIBLE,PROGRAM-OF-STUDY
ABBOTT,KEVIN,Madeleine,29024,267131,12,(591) 383-8569,M,2022,39 Cambridge Ave.,(797) 620-1241,2/11/2004,(974) 458-7712,fairbank@outlook.com,FALSE,Digital Communications
ABBOTT,SARAH,Ace,8248,142403,10,(766) 887-4461,F,2024,895 Bradford St.,(811) 851-9033,2/19/2006,(878) 247-5530,kempsonc@msn.com,FALSE,Healthcare Diagnostics
AGUERO-SOTELO,JADON,Tristan,23423,239975,12,(447) 677-1046,M,2022,66 East Street,(851) 254-0537,1/19/2004,(799) 223-5286,dprice@outlook.com,TRUE,Plant Science
AGUILAR,JOSHUA,Blair,33630,287547,9,(569) 665-2564,M,2025,176 Sleepy Hollow St.,(231) 886-6657,1/8/2007,(395) 396-3765,bruck@gmail.com,FALSE,Design and Multimedia Arts
AGUILAR,NOEL,Anise,32855,284214,12,(410) 691-8600,M,2022,21 State St.,(254) 648-2750,3/17/2004,(204) 368-5317,guialbu@yahoo.com,TRUE,Diesel and Heavy Equipment
AGUILAR,DANIELLE,Rory,31230,277097,11,(764) 823-0881,F,2023,3 Clark Ave.,(841) 574-5703,9/2/2005,(565) 998-1663,mchugh@optonline.net,TRUE,Legal Studies
AGUILAR,KIONNA,Avery,22065,232915,10,(384) 624-1433,F,2024,704 West Wagon St.,(630) 359-7777,2/9/2006,(367) 954-3207,denton@mac.com,FALSE,Plant Science
AGUILAR GONZALEZ,ZION,Ryder,4885,109591,12,(605) 572-9963,M,2022,9696 S. Grandrose St.,(870) 269-2971,11/1/2004,(514) 295-5129,dmath@hotmail.com,FALSE,Programming and Software Development
AGUILAR HERNANDEZ,MYKAILA,William,28934,266716,12,(857) 518-9927,F,2022,39 Center Court,(656) 880-5102,3/17/2004,(721) 311-6837,cisugrad@mac.com,FALSE,Culinary Arts
AGUILERA SANTOS,CHRISTIAN,Chase,5036,111272,11,(571) 704-4688,M,2023,96 Hillside Street,(240) 360-3135,11/8/2005,(380) 843-0576,solomon@verizon.net,FALSE,Healthcare Informatics
AGUIRRE,CHRISTIAN,Myron,28782,266015,10,(523) 829-4151,M,2024,42 Valley Street,(995) 819-2218,6/27/2006,(769) 353-0842,rbarreira@mac.com,FALSE,Engineering
ALCANTAR,MIGUEL,Blaise,28580,265080,11,(682) 399-4952,M,2023,45 Bank St.,(244) 394-9707,8/14/2005,(853) 912-3200,zwood@aol.com,FALSE,Automotive
ALDACO,ROLANDO,Blayne,17149,205336,10,(341) 645-1971,M,2024,780 South Courtland Court,(806) 477-6043,1/20/2006,(579) 929-6102,bogjobber@msn.com,FALSE,Architectural Design
ALLEN,AIMEE,Tobias,33406,286588,12,(974) 928-3612,F,2022,189 Durham Rd.,(211) 604-0359,11/24/2004,(459) 342-6591,stewwy@me.com,FALSE,Healthcare Diagnostics
ALLEN,CORINNE,Kent,19287,217760,9,(428) 684-6370,F,2025,74 West Anderson Street,(636) 459-1321,7/14/2007,(586) 635-4720,fraterk@icloud.com,FALSE,Plant Science
ALLISON,FRANCISCO,Thomas,15066,192462,9,(247) 402-1328,M,2025,851 Smith Street,(779) 581-9994,3/4/2007,(359) 908-4439,rjones@optonline.net,FALSE,Engineering
ALLISON,LUIS-ANGEL,Marguerite,2572,79520,9,(942) 229-3313,M,2025,9991 La Sierra Street,(770) 669-5673,7/4/2007,(473) 816-6864,aprakash@outlook.com,FALSE,Welding
ALMANZA,WILLIAM,Rene,15595,195811,9,(349) 959-2269,M,2025,801 N. Cardinal Dr.,(333) 371-6946,9/23/2007,(966) 896-3980,paina@aol.com,FALSE,Plant Science
ALVAREZ,KYRA,Finn,34548,291445,9,(772) 355-7715,F,2025,10 Paris Hill Rd.,(252) 648-8266,6/18/2007,(568) 302-5828,jginspace@att.net,FALSE,Applied Agricultural Engineering
ANDERSON,FRANK,Lane,29088,267425,11,(344) 896-5711,M,2023,385 Hickory St.,(525) 757-1228,12/19/2005,(447) 665-2780,jdhedden@gmail.com,FALSE,Emergency Services
ANDERSON,ANDY,Julian,25690,251320,12,(628) 433-1573,M,2022,605 Beech St.,(918) 557-6588,12/21/2004,(348) 542-7889,frostman@att.net,FALSE,Design and Multimedia Arts
ANZALDUA,RYAN,Robin,28695,265612,10,(433) 384-2686,M,2024,44 Creek Street,(854) 375-6610,10/16/2006,(220) 314-6557,garland@att.net,FALSE,Teaching and Training
ARCEO,JOSE,June,25059,248214,12,(258) 216-0831,M,2022,612 East Surrey Street,(566) 412-9240,10/9/2004,(974) 437-4415,flavell@optonline.net,TRUE,Programming and Software Development
ARGUETA,ARCADIO,Janetta,33286,286072,9,(656) 584-1804,M,2025,19 Warren St.,(649) 545-5821,6/4/2007,(933) 395-4159,mnemonic@yahoo.ca,FALSE,Healthcare Informatics
ARGUETA,CHRISTOPHER,Raven,31861,279882,9,(286) 357-2285,M,2025,260 Sulphur Springs Avenue,(640) 217-4636,8/12/2007,(536) 938-5401,jramio@live.com,FALSE,Law Enforcement
AYALA,JENNYFER,Naveen,33907,288729,12,(852) 478-0723,F,2022,144 Snake Hill Street,(262) 597-5916,9/8/2004,(625) 596-6723,samavati@mac.com,FALSE,Engineering
AYALA,EMILIANO,Hollyn,24874,247297,12,(801) 306-0656,M,2022,614 Beech Lane,(616) 752-3225,7/5/2004,(363) 477-1393,hakim@comcast.net,FALSE,Emergency Services
BAILEY,ANGEL,Ricardo,15071,192493,9,(792) 593-3457,M,2025,8496 Trusel St.,(324) 581-9432,7/21/2007,(747) 722-8662,jeffcovey@icloud.com,FALSE,Diesel and Heavy Equipment
BAILEY,CARLOS,Lawrence,15069,192481,9,(674) 470-5829,M,2025,85 NW. Chapel Ave.,(979) 721-0667,3/5/2007,(208) 417-3043,techie@me.com,FALSE,Architectural Design
BALDERAS,GRACIE,Daniel,5289,114033,11,(741) 450-4844,F,2023,9540 Second Avenue,(301) 916-5408,3/21/2005,(591) 795-2763,claesjac@comcast.net,FALSE,Nursing Science
BALDWIN,ENRIQUE,Elijah,19391,218346,10,(285) 896-9520,M,2024,7366 South Beechwood St.,(896) 901-8546,10/27/2006,(809) 404-9413,ngedmond@mac.com,FALSE,Culinary Arts
BALDWIN,JONATHAN,Brandt,2714,81686,11,(305) 420-8795,M,2023,9932 Gates Rd.,(347) 978-7952,3/20/2005,(615) 589-8301,wkrebs@sbcglobal.net,FALSE,Legal Studies
BANKS,MONICA,Sophia,15086,192589,9,(457) 788-2487,F,2025,8470 Rocky River Dr.,(465) 669-4044,4/6/2007,(390) 791-1155,seemant@msn.com,FALSE,Plant Science
BANKS,LUCAS,Fernando,2865,83928,10,(730) 619-4080,M,2024,993 Bank Dr.,(911) 238-8748,11/25/2006,(656) 920-4788,formis@icloud.com,FALSE,Healthcare Therapeutic
BARNETT,ELY,Felix,23090,238263,9,(412) 447-8575,F,2025,67 George Drive,(928) 329-1193,6/25/2007,(419) 700-4358,subir@msn.com,FALSE,Plant Science
BARNETT,JUSTIN,Ann,22245,233863,9,(571) 976-6500,M,2025,69 Winchester Dr.,(351) 585-6565,8/13/2007,(691) 968-3497,akoblin@yahoo.ca,FALSE,Accounting and Financial Services
BARRON,JADON,Tanner,5447,115724,11,(422) 461-8614,M,2023,950 East Annadale St.,(990) 544-4281,7/27/2005,(614) 204-5251,jfreedma@live.com,FALSE,Design and Multimedia Arts
BECERRA MARTINEZ,LOGAN,Brooke,15621,195974,9,(204) 229-9108,M,2025,7987 Richardson Lane,(286) 290-4015,2/26/2007,(511) 497-3519,calin@verizon.net,FALSE,Healthcare Informatics
BENNETT,SANAA,Krystan,23435,240037,10,(296) 907-6326,F,2024,66 Del Monte Lane,(918) 359-0719,8/8/2006,(863) 432-8507,heckerman@msn.com,FALSE,Programming and Software Development
BERNAL,JAMAR,Thomas,33924,288801,11,(821) 419-2981,M,2023,14 Willow Dr.,(274) 265-6152,7/14/2005,(462) 645-8703,mdielmann@comcast.net,FALSE,Plumbing and Piperfitting
BIBIAN,ALEJANDRINA,Ray,25939,252535,12,(919) 581-9284,F,2022,6 Cross St.,(812) 760-5966,10/25/2004,(438) 409-1838,eurohack@icloud.com,FALSE,Healthcare Therapeutic
BLAISE,JARON,Brighton,30973,275954,12,(854) 907-7790,M,2022,308 N. Sleepy Hollow Circle,(282) 724-7182,4/13/2004,(511) 653-8712,stinson@verizon.net,TRUE,Healthcare Informatics
BONDS,SEBASTIAN,Drake,34551,291458,9,(306) 251-7531,M,2025,1 Rose Street,(973) 445-0943,11/17/2007,(815) 354-8826,jemarch@me.com,FALSE,Legal Studies
BONNER,SELENA,Evelyn,7085,131982,12,(837) 927-5578,F,2022,9147 Greenrose Street,(817) 540-1621,7/27/2004,(451) 932-9071,bogjobber@att.net,TRUE,Plant Science
BOURNE,PRICILA,Abraham,18917,215661,10,(959) 273-6910,F,2024,750 Mayfair Street,(980) 227-9323,5/19/2006,(613) 664-6904,mwilson@att.net,FALSE,Accounting and Financial Services
BOURNE,FERNANDO,Lane,15026,192206,10,(655) 289-7023,M,2024,8564 Cactus Ave.,(293) 901-3377,3/1/2006,(466) 210-7465,stecoop@yahoo.com,FALSE,Nursing Science
BRADFORD,NIYAH,Byron,28070,262704,10,(902) 858-9697,F,2024,517 Cherry Lane,(754) 496-8307,4/17/2006,(635) 312-7603,jelmer@mac.com,FALSE,Design and Multimedia Arts
BRADY,ALEXANDRA,Mirabel,3354,90808,10,(867) 918-6039,F,2024,9828 Birch Hill Circle,(337) 480-5110,1/25/2006,(722) 549-9104,ryanshaw@outlook.com,FALSE,Animal Science
BRADY,MARITZA,Gillian,3264,89582,12,(202) 970-0959,F,2022,9878 Gonzales Drive,(492) 992-2284,6/15/2004,(538) 955-7774,grolschie@yahoo.ca,FALSE,Engineering
BRENNAN,CRISTIAN,Annabel,20729,225753,9,(219) 821-3954,M,2025,7145 Proctor Street,(591) 780-0559,7/20/2007,(889) 892-3094,parasite@live.com,FALSE,Diesel and Heavy Equipment
BRENNAN,GENESIS,Rose,19715,220163,9,(354) 408-7169,F,2025,727 Center St.,(747) 758-6241,9/25/2007,(589) 319-0523,peterhoeg@gmail.com,FALSE,Teaching and Training
BRIAGAS,CAVECIA,Oren,28494,264681,12,(519) 541-8434,F,2022,462 South 2nd Ave.,(664) 888-9763,12/2/2004,(588) 636-1708,andrei@yahoo.ca,FALSE,Plant Science
BRIZUELA-CABALLERO,JOHN,Glenn,14746,190407,10,(325) 400-1071,M,2024,887 N. Yukon St.,(652) 662-0198,7/6/2006,(352) 530-3502,luvirini@sbcglobal.net,FALSE,Architectural Design
BRODE,JAZMYNN,Robert,31805,279636,12,(369) 607-1584,F,2022,269 North Taylor Ave.,(850) 443-8954,5/7/2004,(644) 228-7112,aardo@me.com,FALSE,Cosmetology 
BROWN,JULIAN,Lyson,33718,287923,11,(370) 568-9785,M,2023,153 Linda St.,(851) 417-3709,6/16/2005,(492) 484-2898,dinther@yahoo.com,TRUE,Healthcare Informatics
BROWN,KATHERINE,Emeline,31153,276755,12,(720) 747-2342,F,2022,30 Sierra Street,(581) 519-7518,8/1/2004,(244) 305-3498,dbindel@icloud.com,FALSE,Digital Communications
BURKE,ALEX,Elodie,22921,237390,9,(290) 280-1477,M,2025,673 Willow Dr.,(960) 727-0019,9/21/2007,(515) 455-7831,kidehen@att.net,FALSE,Welding
BURKE,JULIEANNA,Sheridan,3746,95968,10,(590) 943-5460,F,2024,9827 SW. Piper Lane,(503) 640-4158,1/12/2006,(602) 727-0905,mallanmba@yahoo.com,FALSE,Family and Consumer Services
BURNETT,DANIEL,Lashon,34315,290461,9,(357) 961-4888,M,2025,125 Bishop Dr.,(556) 698-2385,11/13/2007,(573) 464-3514,gastown@aol.com,FALSE,Applied Agricultural Engineering
BYERS,KENDRICK,Rayleen,32905,284431,12,(496) 928-4779,M,2022,205 Harvard Ave.,(389) 715-5491,5/25/2004,(254) 283-0644,rohitm@me.com,FALSE,Plumbing and Piperfitting
BYRD,SERGIO,Gabriel,27019,257739,11,(599) 277-2604,M,2023,57 San Pablo Ave.,(334) 402-0144,8/20/2005,(548) 257-9976,ullman@outlook.com,TRUE,Accounting and Financial Services
BYRD,MICHELLE,Emerson,19983,221654,10,(257) 978-5407,F,2024,7244 St Louis Rd.,(855) 823-1348,9/23/2006,(705) 953-2448,ardagna@gmail.com,FALSE,Healthcare Therapeutic
BYRD,ASHLYN,Madeleine,6177,123235,12,(430) 240-6020,F,2022,936 Hill Dr.,(886) 749-2453,8/26/2004,(257) 880-2976,arachne@optonline.net,FALSE,Law Enforcement
CABRERA,FREDRIEL,Coralie,28852,266338,10,(203) 323-8882,F,2024,40 Division Road,(889) 595-5839,6/24/2006,(659) 219-8496,rgarton@comcast.net,FALSE,Animal Science
CANDLER,DAVONTA,Blake,6195,123414,11,(347) 292-7232,M,2023,9344 Lake View St.,(512) 287-4906,3/9/2005,(349) 291-9834,csilvers@gmail.com,FALSE,Applied Agricultural Engineering
CANTU,NAISA,Allison,15022,192180,9,(936) 889-6725,F,2025,8627 Gonzales St.,(781) 532-3793,11/12/2007,(883) 489-3408,techie@live.com,FALSE,Legal Studies
CANTU GARCIA,ANGEL,Bianca,19133,216889,9,(718) 365-8086,M,2025,7457 Pennsylvania Lane,(785) 725-7358,7/19/2007,(470) 236-2477,esokullu@yahoo.ca,FALSE,Digital Communications
CARPENTER,ALEJANDRO,Kalan,18769,214816,11,(648) 246-2093,M,2023,7575 Cypress Street,(641) 830-5751,6/22/2005,(873) 265-1048,aardo@sbcglobal.net,FALSE,Law Enforcement
CARPENTER,IVAN,Ellen,7284,133823,11,(998) 895-8555,M,2023,91 Valley View Street,(279) 262-3493,2/6/2005,(505) 834-5809,wayward@yahoo.com,FALSE,Nursing Science
CARTER,BATTIST,Eloise,20423,224081,9,(590) 832-1379,M,2025,719 Airport Drive,(909) 399-4028,4/10/2007,(773) 233-9456,lushe@optonline.net,FALSE,Plumbing and Piperfitting
CASTILLO,CHRISTOPHER,Sheridan,27938,262085,10,(539) 942-9392,M,2024,52 SE. Paris Hill Street,(586) 337-0726,5/10/2006,(945) 771-5729,conteb@verizon.net,FALSE,Plumbing and Piperfitting
CASTILLO,BOBBY,Lane,6244,123901,10,(729) 204-0022,M,2024,9322 Hawthorne Street,(895) 200-0615,10/3/2006,(301) 890-6109,sscorpio@att.net,FALSE,Emergency Services
CASTILLO ESTRELLADO,PATRICK,Ellison,6260,124060,12,(317) 777-6057,M,2022,9318 Old Honey Creek Ave.,(418) 909-3746,5/25/2004,(403) 730-0040,stern@gmail.com,FALSE,Automotive
CASTRO,MIA,Murphy,19621,219637,9,(862) 328-6333,F,2025,73 Bayport St.,(682) 611-6054,10/3/2007,(912) 475-1004,citadel@hotmail.com,FALSE,Teaching and Training
CASTRO,TRISTAN,Verena,18705,214449,9,(362) 537-0114,M,2025,7606 Rockland St.,(936) 570-4792,4/3/2007,(491) 962-3986,penna@att.net,FALSE,Culinary Arts
CHAPA,MARISSA,Trevor,21999,232566,9,(286) 682-5012,F,2025,705 Richardson Lane,(739) 681-4615,9/12/2007,(513) 516-5430,jaxweb@yahoo.com,FALSE,Cosmetology 
CHARLES,EDUARDO,Eli,27143,258330,9,(933) 335-9850,M,2025,556 Windsor Drive,(385) 212-5425,1/26/2007,(791) 871-4358,storerm@sbcglobal.net,FALSE,Healthcare Informatics
CHARLES,TRISTAN,Oscar,6350,124949,10,(287) 872-8982,M,2024,9305 Golden Star Ave.,(396) 683-6187,9/24/2006,(744) 218-1457,rfoley@yahoo.ca,FALSE,Family and Consumer Services
CHAVEZ,JAMARI,Randall,34534,291386,10,(964) 361-3168,M,2024,11 Andover Ave.,(209) 219-8085,11/8/2006,(597) 708-6423,tezbo@aol.com,FALSE,Automotive
CHAVEZ,NICHOLAS,Shane,31953,280286,11,(272) 533-9939,M,2023,26 Yukon Dr.,(913) 479-8330,5/8/2005,(840) 814-7004,retoh@hotmail.com,TRUE,Cosmetology 
CHAVEZ,ARIANA,Clark,30608,274323,9,(649) 842-2130,F,2025,34 S. Indian Spring Ave.,(723) 376-3017,6/10/2007,(594) 217-0632,bradl@gmail.com,FALSE,Teaching and Training
CHAVEZ,ANTHONY,Kathryn,29634,269923,12,(770) 761-8434,M,2022,378 Rockledge St.,(876) 796-7200,1/12/2004,(245) 865-3402,jshirley@live.com,FALSE,Healthcare Therapeutic
CHAVEZ,EFREN,Javan,22232,233795,10,(500) 791-6967,M,2024,695 Race Dr.,(315) 684-0767,9/8/2006,(881) 569-0849,crimsane@sbcglobal.net,FALSE,Healthcare Diagnostics
CHICAS,JACOLBY,Hope,5605,117390,11,(272) 333-0679,M,2023,9430 Railroad Lane,(682) 672-6246,6/3/2005,(656) 645-5457,plover@hotmail.com,FALSE,Programming and Software Development
CLARK,DARIUES,Lynn,33602,287427,11,(389) 964-9046,M,2023,178 E. Pawnee Lane,(957) 422-2156,11/19/2005,(753) 629-9547,mglee@yahoo.ca,FALSE,Applied Agricultural Engineering
CLARK,BRIONNA,Damien,30909,275669,10,(673) 724-7610,F,2024,318 Brown Dr.,(209) 306-7878,9/4/2006,(220) 604-0519,tmaek@mac.com,FALSE,Design and Multimedia Arts
CLAY,ALYSSA,Dezi,5613,117474,10,(667) 244-4453,F,2024,940 Bedford Road,(933) 459-1802,10/22/2006,(363) 879-2957,kempsonc@optonline.net,FALSE,Cybersecurity
CLAYTON,NICHOLAS,Lucinda,33898,288690,12,(640) 287-6688,M,2022,15 Fairfield Rd.,(799) 955-2260,11/11/2004,(901) 214-8814,ahmad@optonline.net,FALSE,Design and Multimedia Arts
COLE,ESMERALDA,Edward,7923,139569,11,(287) 460-5674,F,2023,9011 Catherine Ave.,(501) 387-5915,11/2/2005,(995) 822-4647,singh@att.net,FALSE,Law Enforcement
COLEMAN,GAEL,Dash,23476,240247,10,(847) 247-4179,M,2024,658 Princeton Lane,(958) 896-0217,11/6/2006,(624) 542-7966,jfreedma@icloud.com,FALSE,Plumbing and Piperfitting
COLEMAN,JACOB,Oliver,18615,213932,9,(624) 460-3629,M,2025,7696 Shore Street,(270) 670-3863,12/8/2007,(243) 207-3451,dprice@att.net,FALSE,Healthcare Informatics
COLLINS,ROLANDO,Judd,15111,192749,9,(671) 209-7577,M,2025,8451 Carriage Lane,(371) 768-8770,6/11/2007,(806) 475-2764,animats@mac.com,FALSE,Nursing Science
COLLINS,EVELIN,Jacklyn,4311,102952,10,(735) 963-0699,F,2024,9811 Cambridge Rd.,(737) 472-7835,11/6/2006,(447) 338-4360,bryanw@live.com,FALSE,Family and Consumer Services
COLOMB,JASON,Kai,28142,263041,9,(523) 241-4743,M,2025,50 Thorne Ave.,(934) 312-4169,8/21/2007,(424) 463-7950,credmond@att.net,FALSE,Programming and Software Development
CONTRERAS,KIMBERLY,Levi,30419,273475,9,(361) 606-7156,F,2025,349 Spring St.,(594) 315-2220,2/20/2007,(930) 465-0748,curly@me.com,FALSE,Plant Science
CONTRERAS,MAKALLIA,Raven,8035,140552,10,(324) 396-2516,F,2024,9 North Border Court,(367) 360-4002,5/15/2006,(500) 273-9766,jipsen@icloud.com,FALSE,Applied Agricultural Engineering
CONYER,CHRISTOPHER,Arthur,33676,287744,11,(943) 673-4576,M,2023,16 Pulaski Ave.,(437) 259-5324,12/3/2005,(931) 270-0517,bulletin@me.com,FALSE,Legal Studies
CORTINA,ANTHONY,Mirabel,27888,261851,9,(932) 279-4825,M,2025,521 East Ryan St.,(808) 921-8234,5/5/2007,(953) 776-5318,noticias@att.net,FALSE,Emergency Services
CROSSEN,TUBOBELEM,Oren,4924,110028,11,(971) 865-4062,F,2023,967 W. Alton Ave.,(672) 292-6414,11/18/2005,(840) 376-7278,jhardin@msn.com,FALSE,Teaching and Training
CRUZ PERALTA,JAVEION,Sue,19334,218025,9,(647) 530-5954,M,2025,7376 Snake Hill Rd.,(381) 634-5241,10/24/2007,(481) 219-8950,skythe@yahoo.com,FALSE,Engineering
CUNNINGHAM,MARLEN,Trey,15115,192774,9,(431) 656-8390,F,2025,8447 Heather Avenue,(239) 684-9224,8/21/2007,(268) 676-3924,noticias@sbcglobal.net,FALSE,Architectural Design
CUNNINGHAM,KEVIN,Dex,4512,105324,12,(953) 969-9814,M,2022,9732 Snake Hill Rd.,(455) 973-3241,12/22/2004,(778) 282-2447,gamma@verizon.net,FALSE,Welding
DANIELS,YVONNE,Drake,15235,193538,9,(713) 451-5636,F,2025,826 S. Maiden Dr.,(375) 674-6013,10/2/2007,(779) 424-4346,erynf@comcast.net,FALSE,Digital Communications
DANIELS,ALEXIA,Coralie,14877,191251,9,(325) 561-4056,F,2025,8696 La Sierra Dr.,(646) 758-4633,6/12/2007,(309) 922-6669,dhwon@mac.com,FALSE,Diesel and Heavy Equipment
DAVIS,JAIME,Justice,25689,251315,10,(879) 269-9186,M,2024,605 Front Road,(404) 456-8486,11/1/2006,(210) 920-2360,juliano@aol.com,FALSE,Plumbing and Piperfitting
DAVIS,GEMA,Charles,15126,192844,9,(423) 216-6210,F,2025,8442 Hilltop St.,(268) 838-2987,7/13/2007,(791) 608-6539,kimvette@sbcglobal.net,FALSE,Animal Science
DE LA ROSA CASTILLO,AMANDA,Payten,30340,273120,11,(527) 205-5072,F,2023,351 Smith Store Street,(940) 975-9627,10/15/2005,(958) 225-8714,froodian@sbcglobal.net,FALSE,Cybersecurity
DELGADO,NATALY,Zoe,14881,191276,9,(841) 457-2508,F,2025,8686 Tanglewood Ave.,(302) 327-8655,6/26/2007,(415) 621-6472,farber@yahoo.com,FALSE,Programming and Software Development
DELGADO,MAURICIO,Coy,4868,109401,10,(742) 381-8139,M,2024,9713 Henry Court,(792) 736-2957,6/22/2006,(678) 394-8920,jramio@att.net,FALSE,Architectural Design
DIAZ,BRITTANY,Heath,25917,252428,9,(944) 822-9096,F,2025,6 Rock Maple Drive,(579) 842-1667,10/16/2007,(270) 682-6321,hling@gmail.com,FALSE,Cosmetology 
DIAZ,JOSE,Natalie,5798,119394,12,(960) 912-7138,M,2022,9392 South Dunbar Street,(874) 895-7179,9/23/2004,(413) 734-8965,tarreau@yahoo.com,FALSE,Applied Agricultural Engineering
DIAZ,MARCELO,Will,4934,110140,11,(653) 521-3773,M,2023,9642 Bedford Ave.,(203) 677-7638,10/20/2005,(760) 700-2055,irving@live.com,FALSE,Legal Studies
DIAZ,SOPHIA,Neil,4879,109524,10,(540) 242-8083,F,2024,97 Miller Ave.,(335) 531-2878,4/24/2006,(855) 413-8586,retoh@live.com,FALSE,Legal Studies
DOMINGUEZ,CALEB,Xavier,27429,259687,10,(840) 884-7306,M,2024,539 Madison Dr.,(296) 309-5038,3/23/2006,(984) 750-2767,louise@live.com,FALSE,Healthcare Therapeutic
DOUGLAS,BRYAN,Leonie,19202,217279,9,(809) 593-4458,M,2025,7451 Smith Drive,(994) 590-0674,10/21/2007,(460) 668-5447,krueger@att.net,FALSE,Plumbing and Piperfitting
DOUGLAS,JONIS,Miriam,4998,110852,11,(968) 672-5002,M,2023,9632 San Carlos Lane,(964) 408-6976,7/27/2005,(692) 759-3363,matthijs@yahoo.ca,FALSE,Healthcare Therapeutic
DUNN,CESAR,Beck,12795,177364,9,(839) 286-4663,M,2025,89 Parker St.,(223) 306-7458,4/16/2007,(995) 443-7242,lcheng@yahoo.com,FALSE,Law Enforcement
DUNN,BRYAN,Blaise,5033,111239,12,(414) 214-2889,M,2022,96 Rockland Lane,(698) 791-2856,8/20/2004,(405) 847-0391,singh@yahoo.ca,FALSE,Healthcare Diagnostics
DURAN,CAILA,Francis,30786,275120,9,(272) 671-7664,F,2025,32 Indian Spring Ave.,(872) 988-6022,7/3/2007,(601) 950-6043,matty@sbcglobal.net,FALSE,Law Enforcement
ESTRADA,SHYVONNA,Joanna,14738,190355,9,(595) 971-0405,F,2025,8880 Hillside Street,(893) 246-7270,4/7/2007,(385) 956-1698,feamster@gmail.com,FALSE,Programming and Software Development
ESTRADA HERNANDEZ,GABRIELLE,Taylore,26542,255454,12,(639) 712-6390,F,2022,590 Carpenter Street,(988) 668-8555,1/10/2004,(247) 932-8238,dimensio@yahoo.com,FALSE,Plumbing and Piperfitting
EVANS,DAMARIS,Quintin,16257,199924,9,(319) 243-5702,F,2025,7826 Theatre Street,(546) 644-4552,2/1/2007,(851) 891-4036,joelw@optonline.net,FALSE,Cybersecurity
EVANS,IVAN,Blair,14966,191822,9,(796) 236-8413,M,2025,8640 Studebaker Ave.,(899) 561-0352,9/6/2007,(928) 744-4765,wenzlaff@verizon.net,FALSE,Design and Multimedia Arts
FIGUEROA,JORDAN,Dawn,15134,192895,9,(286) 768-1016,M,2025,8400 Prince St.,(204) 971-2875,3/20/2007,(927) 780-7637,giafly@icloud.com,FALSE,Teaching and Training
FIGUEROA,JOHN,Clementine,5076,111713,10,(284) 400-7880,M,2024,9598 San Pablo Street,(325) 801-2231,8/17/2006,(889) 867-2991,mfleming@mac.com,FALSE,Emergency Services
FISHER,KATHERINE,Marcellus,25831,252009,10,(580) 411-2724,F,2024,60 Wrangler Lane,(494) 377-2243,9/16/2006,(975) 732-2781,garyjb@comcast.net,FALSE,Design and Multimedia Arts
FISHER,SEBASTIAN,Aiden,19040,216361,9,(932) 907-6562,M,2025,749 Second St.,(887) 884-4402,2/25/2007,(354) 968-5020,research@mac.com,FALSE,Healthcare Informatics
FLEMING,ISAC,Robin,5169,112732,10,(726) 682-4910,M,2024,9550 Creekside Drive,(908) 340-8179,4/18/2006,(939) 460-7486,kobayasi@outlook.com,FALSE,Automotive
FLEMING,JESUS,Merle,5122,112218,10,(658) 877-6731,M,2024,959 Marsh St.,(859) 335-4468,5/5/2006,(472) 342-7868,pgottsch@yahoo.ca,FALSE,Biomedical Science
FLETCHER,ADOLFO,Tyson,28183,263232,12,(506) 496-5927,M,2022,50 Glenholme Drive,(565) 379-1502,3/26/2004,(652) 770-3432,amimojo@mac.com,FALSE,Biomedical Science
FLETCHER,JONATHAN,Riley,5204,113113,10,(896) 313-5177,M,2024,9542 New Lane,(486) 822-2270,1/27/2006,(966) 927-5287,fmerges@verizon.net,FALSE,Digital Communications
FLORES,ROBERT,Benjamin,33309,286171,11,(357) 758-7443,M,2023,19 Argyle Dr.,(817) 282-4690,2/17/2005,(419) 543-3304,sarahs@me.com,FALSE,Legal Studies
FLORES,STACY,Merle,28694,265608,11,(400) 803-5634,F,2023,44 Vernon Road,(919) 804-1893,8/24/2005,(337) 767-4448,willg@mac.com,FALSE,Family and Consumer Services
FLORES,BRYLON,Zion,26942,257371,10,(673) 253-9908,M,2024,583 South Rose St.,(246) 206-2593,5/2/2006,(954) 352-5261,caidaperl@verizon.net,FALSE,Plumbing and Piperfitting
FOX,ERIK,Brendon,32218,281446,12,(637) 887-3060,M,2022,24 Glen Eagles Street,(892) 570-2682,12/16/2004,(780) 349-5440,yxing@me.com,FALSE,Plant Science
FOX,ASHLEY,Myron,5310,114259,10,(679) 417-4358,F,2024,9537 Mill Pond St.,(624) 323-8779,12/10/2006,(254) 492-0156,rattenbt@att.net,FALSE,Nursing Science
FRUTIZ,CHAD,Luke,14761,190503,9,(490) 460-5229,M,2025,886 Bear Hill Dr.,(566) 302-1768,4/1/2007,(352) 466-3395,dcoppit@yahoo.com,FALSE,Welding
FUENTES-LOPEZ,BRENDON,Lashon,15150,192997,9,(279) 486-1673,M,2025,8398 La Sierra Street,(920) 930-5735,5/4/2007,(778) 357-0790,demmel@icloud.com,FALSE,Engineering
GALLAGHER,DANNA,Jude,22271,234000,9,(656) 547-0829,F,2025,677 East Peg Shop Street,(571) 976-6833,6/21/2007,(512) 343-3738,greear@hotmail.com,FALSE,Cosmetology 
GALLAGHER,CHRISTOPHER,Julian,5320,114367,10,(956) 668-8964,M,2024,951 Sunset St.,(614) 292-9101,8/9/2006,(952) 760-2435,yenya@aol.com,FALSE,Programming and Software Development
GALVEZ,ERYN,Juan,22178,233510,12,(962) 996-1061,F,2022,70 Depot St.,(952) 760-1874,9/18/2004,(873) 671-6152,nanop@live.com,FALSE,Emergency Services
GARCIA,MAKADIR,Anthony,34608,291698,12,(457) 925-0869,F,2022,1 Big Rock Cove Street,(584) 315-6477,7/26/2004,(511) 588-6306,andale@live.com,FALSE,Healthcare Informatics
GARCIA,DESMOND,Matilda,34531,291373,11,(740) 968-3275,M,2023,11 Blue Spring Street,(820) 722-8022,2/26/2005,(947) 557-4958,boein@msn.com,FALSE,Emergency Services
GARCIA,BRIAN,Vincent,34224,290075,11,(721) 546-7868,M,2023,13 Kent St.,(406) 470-8100,10/1/2005,(623) 851-1312,yenya@aol.com,FALSE,Biomedical Science
GARCIA,KANTAPONG,Ricardo,34038,289286,10,(839) 482-2576,M,2024,136 Country Club St.,(929) 543-5740,10/6/2006,(860) 759-6251,storerm@hotmail.com,FALSE,Accounting and Financial Services
GARCIA,ANAYA,Justin,33221,285793,9,(821) 674-3637,F,2025,2 Talbot St.,(903) 255-0641,7/5/2007,(784) 664-3816,madler@att.net,FALSE,Electrical
GARCIA,MYASIA,Aaron,32860,284236,11,(345) 486-2423,F,2023,21 Plumb Branch Lane,(801) 334-4441,8/15/2005,(322) 773-5954,giafly@msn.com,FALSE,Legal Studies
GARCIA,JAVOY,Dean,28910,266606,9,(932) 975-0359,M,2025,4 Stillwater Street,(917) 243-5419,5/4/2007,(225) 682-4163,eabrown@yahoo.com,FALSE,Architectural Design
GARCIA,ERIC,Claudia,27952,262151,9,(739) 520-6613,M,2025,52 Edgefield St.,(247) 843-1078,8/22/2007,(878) 596-1596,thomasj@mac.com,FALSE,Animal Science
GARCIA CRUZ,ANTHONY,Marcella,26608,255771,9,(530) 371-8487,M,2025,59 Madison Avenue,(483) 941-2086,7/17/2007,(283) 219-9707,aprakash@verizon.net,FALSE,Architectural Design
GARZA,JAVARIUS,Caprice,32071,280803,9,(215) 817-6380,M,2025,252 Honey Creek St.,(869) 247-1307,7/22/2007,(401) 845-7729,monkeydo@icloud.com,FALSE,Architectural Design
GAUCIN,MARQUISTE,Louisa,22255,233915,11,(593) 203-1995,M,2023,69 Bridgeton Drive,(989) 592-9858,11/3/2005,(870) 663-7178,jorgb@verizon.net,FALSE,Applied Agricultural Engineering
GIBSON,YENITZA,Amity,15267,193741,9,(931) 843-0415,F,2025,82 Wakehurst Street,(226) 764-5567,2/26/2007,(470) 844-3719,comdig@mac.com,FALSE,Accounting and Financial Services
GIBSON,GABRIELA,Tobias,14864,191167,9,(966) 339-6334,F,2025,8730 Stillwater Street,(716) 651-3164,10/22/2007,(736) 384-2647,amichalo@att.net,FALSE,Plumbing and Piperfitting
GODINEZ GODINEZ,JO-ELLA,Bram,18569,213668,10,(826) 224-8102,F,2024,7745 Clark St.,(588) 656-1137,10/17/2006,(233) 325-6114,moxfulder@aol.com,FALSE,Animal Science
GOMEZ JIMENEZ,LIZBETH,Porter,34558,291487,10,(494) 400-5882,F,2024,1 N. Manor Street,(602) 670-8344,11/16/2006,(298) 920-2826,kostas@aol.com,FALSE,Architectural Design
GONZALES,BRITNEY,Amelia,19611,219581,12,(353) 700-1684,F,2022,731 S. Front Ave.,(829) 485-5768,2/25/2004,(497) 706-0499,stefano@gmail.com,FALSE,Applied Agricultural Engineering
GONZALES,EMELY,Caylen,15265,193728,9,(630) 885-7693,F,2025,820 Henry Street,(862) 914-5264,8/17/2007,(703) 267-9273,fhirsch@gmail.com,FALSE,Diesel and Heavy Equipment
GONZALEZ,DERRICK,Oscar,30144,272236,11,(992) 776-9136,M,2023,37 Depot Avenue,(300) 240-0051,11/1/2005,(633) 721-5417,dmiller@me.com,FALSE,Welding
GONZALEZ,FELIX,Caleb,24362,244738,10,(468) 438-9400,M,2024,623 Manor Ave.,(841) 325-1580,8/16/2006,(580) 683-6797,bruck@hotmail.com,FALSE,Applied Agricultural Engineering
GONZALEZ,MASON,George,20391,223905,12,(429) 528-8339,M,2022,7222 Wayne St.,(641) 898-5155,11/8/2004,(725) 517-8559,philb@sbcglobal.net,FALSE,Design and Multimedia Arts
GONZALEZ,MADILYNN,Julina,10253,158771,11,(504) 684-3542,F,2023,8917 Virginia Avenue,(311) 481-6363,5/2/2005,(427) 518-4597,krueger@yahoo.com,FALSE,Healthcare Diagnostics
GONZALEZ,KENYSHA,Joan,10245,158709,10,(652) 327-1542,F,2024,8927 Sheffield Avenue,(304) 819-4740,5/24/2006,(866) 612-6215,bester@live.com,FALSE,Healthcare Therapeutic
GOODWIN,QUERRELL,Beck,32720,283630,10,(460) 963-1305,M,2024,226 Fairway Avenue,(211) 576-7367,2/6/2006,(789) 739-6457,luebke@att.net,FALSE,Culinary Arts
GOODWIN,ANAHI,Justin,14783,190645,9,(359) 783-1325,F,2025,8852 Sherman St.,(340) 370-8754,12/3/2007,(673) 983-7952,natepuri@hotmail.com,FALSE,Family and Consumer Services
GRANADOS,KRYSTA,Grey,14677,189961,10,(686) 766-9748,F,2024,89 North San Juan St.,(648) 452-3915,6/22/2006,(334) 822-0784,wikinerd@live.com,FALSE,Plumbing and Piperfitting
GRAVES,RHAYLA,Coy,28467,264555,9,(462) 324-6746,F,2025,483 Pacific Drive,(741) 341-8654,7/12/2007,(222) 903-6100,heine@me.com,FALSE,Diesel and Heavy Equipment
GRAVES,ERIC,Kate,15226,193481,9,(418) 791-4340,M,2025,836 Johnson Ave.,(994) 727-5837,10/10/2007,(941) 814-5203,amimojo@optonline.net,FALSE,Legal Studies
GRIFFITH,REBECA,Kingston,34455,291053,9,(593) 742-9002,F,2025,12 6th Drive,(252) 951-6001,4/1/2007,(547) 914-3662,wortmanj@hotmail.com,FALSE,Digital Communications
GRIFFITH,ALAYCIA,Claudia,3817,96873,11,(944) 862-7995,F,2023,9819 Windfall Street,(309) 274-4251,4/17/2005,(408) 902-9725,vlefevre@icloud.com,FALSE,Engineering
GUEVARA,NATHANIEL,Erin,15520,195340,10,(583) 313-5821,M,2024,818 South Oakland St.,(470) 744-9086,7/3/2006,(329) 904-8013,fluffy@yahoo.ca,FALSE,Law Enforcement
GUTIERREZ,KAYLA,David,33259,285956,12,(634) 754-6650,F,2022,2 North Strawberry Street,(340) 424-8388,12/19/2004,(463) 973-6074,citadel@hotmail.com,FALSE,Healthcare Therapeutic
GUTIERREZ,BRAYLYNN,Warren,25938,252530,10,(811) 225-1595,F,2024,6 Littleton Court,(226) 498-1807,4/3/2006,(494) 481-9414,cfhsoft@optonline.net,FALSE,Digital Communications
GUTIERREZ,TERRY,William,6174,123205,10,(473) 327-5996,M,2024,9384 N. St Paul Dr.,(362) 372-6627,9/9/2006,(657) 285-7721,campware@aol.com,FALSE,Applied Agricultural Engineering
HALL,DOMINIC,Coralie,33590,287376,9,(775) 997-5801,M,2025,18 Westminster Street,(274) 641-1918,6/16/2007,(263) 752-9625,wkrebs@hotmail.com,FALSE,Programming and Software Development
HALL,ANTONIO,Zane,27377,259441,10,(210) 760-8133,M,2024,54 Court St.,(962) 288-5784,3/7/2006,(434) 270-2450,atmarks@verizon.net,FALSE,Animal Science
HAWKINS,NELSON,James,31216,277035,10,(501) 559-7644,M,2024,3 Jackson Ave.,(547) 308-2073,9/19/2006,(960) 217-4828,unreal@yahoo.ca,FALSE,Emergency Services
HAWKINS,MIA,Louis,27650,260731,9,(989) 933-3136,F,2025,524 Carson Ave.,(848) 842-5159,1/14/2007,(596) 897-6409,kmself@live.com,FALSE,Nursing Science
HAYNES,MAGALY,Bree,20405,223982,12,(796) 744-1813,F,2022,7214 Deerfield Rd.,(433) 782-6306,5/6/2004,(968) 785-9278,balchen@gmail.com,FALSE,Family and Consumer Services
HAYNES,VINCENT,Coralie,5772,119126,12,(209) 995-0902,M,2022,94 Henry Smith St.,(577) 877-3963,10/14/2004,(901) 370-6125,mfburgo@live.com,FALSE,Biomedical Science
HENRY,YARELYS,Porter,15247,193614,9,(515) 224-4784,F,2025,8258 W. Court Dr.,(918) 759-0780,7/24/2007,(783) 643-8891,symbolic@icloud.com,FALSE,Digital Communications
HENRY,ZENIA,Arthur,14968,191835,9,(302) 845-2807,F,2025,8640 E. Trout Street,(359) 816-8648,8/23/2007,(833) 990-2889,ahuillet@msn.com,FALSE,Cybersecurity
HERNANDEZ,YAHAIRA,Ellen,31177,276861,9,(635) 557-4877,F,2025,3 Ridgewood Dr.,(882) 666-7708,12/6/2007,(268) 926-3452,eurohack@outlook.com,FALSE,Healthcare Informatics
HERNANDEZ,VALERIE,Raine,14752,190445,9,(496) 514-7296,F,2025,887 Ivy St.,(869) 884-2028,11/1/2007,(259) 761-9483,adillon@live.com,FALSE,Engineering
HERNANDEZ,BRADLEY,Sutton,6428,125714,10,(977) 338-5127,M,2024,928 Wild Rose Ave.,(922) 259-8350,5/9/2006,(698) 897-2758,ntegrity@mac.com,FALSE,Architectural Design
HERNANDEZ REYES,DAVID,Ellison,29516,269385,9,(422) 424-0826,M,2025,378 Sage Road,(968) 210-9665,2/24/2007,(563) 457-0658,curly@att.net,FALSE,Emergency Services
HERNANDEZ-ZARAGOZA,TREY,Lilibeth,27029,257787,12,(300) 261-6231,M,2022,57 Brookside St.,(732) 608-8101,2/3/2004,(249) 288-8796,scottlee@optonline.net,FALSE,Biomedical Science
HERRERA,TIA,Dawn,34286,290338,11,(366) 227-2758,F,2023,13 East Jackson Lane,(795) 931-9015,10/19/2005,(555) 588-4186,galbra@yahoo.com,FALSE,Culinary Arts
HOUGHTON,NANCY,Blake,15625,196000,9,(357) 893-6619,F,2025,7977 Sulphur Springs Dr.,(841) 230-8234,4/16/2007,(262) 645-0689,crobles@outlook.com,FALSE,Teaching and Training
HOUGHTON,ERIK,Dean,5789,119302,11,(651) 367-8728,M,2023,94 Glenlake Street,(317) 266-8444,10/26/2005,(862) 788-1558,melnik@optonline.net,FALSE,Culinary Arts
HOWELL,DANIELA,Naomi,34530,291369,9,(452) 992-0339,F,2025,11 Pineknoll Ave.,(377) 255-0819,3/1/2007,(487) 375-7054,lstaf@me.com,FALSE,Law Enforcement
HOWELL,ORLANDO,Denver,15581,195723,9,(894) 586-6204,M,2025,8061 Charles Ave.,(487) 569-7371,4/26/2007,(240) 761-9335,symbolic@sbcglobal.net,FALSE,Diesel and Heavy Equipment
JAIMES,JANECEIA,Rylie,33272,286012,10,(363) 980-2367,F,2024,2 Illinois Lane,(962) 636-3488,2/25/2006,(986) 985-3318,hahiss@gmail.com,FALSE,Culinary Arts
JENKINS,ANTHONY,Sharon,26473,255121,12,(546) 363-8725,M,2022,594 Paris Hill Drive,(737) 873-3173,1/18/2004,(990) 268-1368,hellfire@hotmail.com,FALSE,Digital Communications
JENKINS,ALAN,Anthony,15247,193614,9,(926) 441-9193,M,2025,8248 Beaver Ridge Street,(724) 408-3044,10/22/2007,(208) 567-7598,okroeger@att.net,FALSE,Healthcare Therapeutic
JIMENEZ,JORDAN,Abe,23640,241084,12,(441) 862-1541,M,2022,635 High Noon St.,(976) 666-0906,2/25/2004,(756) 597-1357,jamuir@live.com,TRUE,Electrical
JOHNSON,ABRAHAM,Hugh,31688,279121,12,(652) 410-1023,M,2022,293 South Green Ave.,(600) 809-3862,1/1/2004,(558) 281-0410,helger@msn.com,TRUE,Cybersecurity
JOHNSON,JERSON,Kathryn,6280,124258,10,(637) 861-0113,M,2024,9311 Rocky River St.,(637) 773-6564,8/12/2006,(780) 393-3873,steve@att.net,FALSE,Biomedical Science
JONES,KASEY,Damon,19617,219615,9,(483) 581-5443,F,2025,73 Kingston Street,(309) 289-8276,9/20/2007,(742) 353-1727,malattia@me.com,FALSE,Engineering
JONES,WILFREDO,Jack,15533,195422,9,(208) 571-9996,M,2025,8174 Cottage Dr.,(727) 342-4265,11/1/2007,(576) 463-6351,simone@aol.com,FALSE,Cosmetology 
KLEIN,CHRISTOPHER,Jolee,6341,124860,12,(391) 493-3347,M,2022,9307 Miles Ave.,(312) 850-6326,2/22/2004,(656) 568-4414,chance@optonline.net,FALSE,Architectural Design
KLEIN,ANGEL,Henry,6340,124850,10,(517) 837-5426,M,2024,9309 Joy Ridge Ave.,(226) 929-8297,4/17/2006,(400) 821-3325,jgoerzen@hotmail.com,FALSE,Accounting and Financial Services
LARA,ADRIAN,Olive,15915,197810,10,(845) 350-3737,M,2024,785 Green Street,(695) 909-1805,3/15/2006,(648) 858-6932,kdawson@mac.com,FALSE,Emergency Services
LARA VAZQUEZ,JAYDON,Jackson,14811,190826,9,(912) 629-7827,M,2025,88 Glen Creek Ave.,(638) 533-8832,9/14/2007,(490) 786-9072,campware@live.com,FALSE,Culinary Arts
LEON RIVERO,HECTOR,Aaron,14741,190374,9,(271) 986-8669,M,2025,8873 Devonshire Dr.,(830) 482-3926,1/10/2007,(935) 779-6320,carmena@aol.com,FALSE,Legal Studies
LEWIS,JENNIFER,Everett,6410,125537,10,(449) 539-0788,F,2024,93 Saxton St.,(953) 977-3727,12/1/2006,(943) 777-3197,odlyzko@live.com,FALSE,Law Enforcement
LEWIS,PERLA,Carleen,6371,125155,10,(327) 526-5811,F,2024,93 Walnutwood St.,(736) 290-2989,1/3/2006,(547) 604-3991,munjal@hotmail.com,FALSE,Programming and Software Development
LOPEZ,NIA,Blake,29025,267135,10,(489) 568-3569,F,2024,39 Briarwood St.,(979) 619-1382,10/10/2006,(289) 618-7183,marin@gmail.com,FALSE,Healthcare Informatics
LOPEZ,ALBERTO,Seth,28098,262835,9,(501) 672-3245,M,2025,51 Tunnel Ave.,(762) 828-3176,3/14/2007,(246) 273-8989,pereinar@msn.com,FALSE,Healthcare Therapeutic
LOVE,SHARY,Orlando,30992,276039,9,(750) 833-0986,F,2025,306 N. Rockland Court,(432) 953-6067,5/18/2007,(668) 452-1408,sthomas@comcast.net,FALSE,Accounting and Financial Services
LOVE,ALEXANDER,Payten,6438,125811,11,(512) 585-5837,M,2023,9279 Academy Street,(741) 910-3764,5/8/2005,(233) 906-8386,vlefevre@aol.com,TRUE,Diesel and Heavy Equipment
LUBBECK,SANIYA,Korin,31488,278239,9,(941) 830-8448,F,2025,3 Bayberry Dr.,(559) 818-3720,12/14/2007,(235) 393-7247,frosal@att.net,FALSE,Culinary Arts
LUNA,ISAIAH,Sutton,30340,273120,9,(475) 290-6290,M,2025,354 SW. Tunnel Street,(894) 590-7471,5/4/2007,(853) 438-1647,kludge@gmail.com,FALSE,Animal Science
LUNA,CYNCERE,Love,27355,259336,9,(735) 565-9507,F,2025,54 North Coffee Street,(300) 489-5433,11/1/2007,(276) 991-1877,cosimo@optonline.net,FALSE,Engineering
MACK,GABRIELA,Levi,6471,126133,10,(583) 895-0895,F,2024,9250 Brandywine Dr.,(222) 638-8988,1/13/2006,(665) 854-2193,fbriere@aol.com,FALSE,Healthcare Therapeutic
MACK,CRISTIAN,Kaitlin,6455,125977,10,(622) 631-9063,M,2024,9266 N. Hickory Ave.,(446) 316-0694,11/19/2006,(247) 359-6517,phish@msn.com,FALSE,Animal Science
MAGALLON CHAVEZ,QUINCY,Michael,25979,252730,12,(382) 574-4336,M,2022,598 Spring St.,(655) 515-5694,1/20/2004,(614) 516-5334,mbalazin@msn.com,FALSE,Electrical
MARIN HERNANDEZ,DANIEL,Juliet,14694,190071,9,(318) 460-4433,M,2025,89 Hillside St.,(980) 689-1018,10/12/2007,(828) 763-1854,alhajj@verizon.net,FALSE,Healthcare Informatics
MARROQUIN RAMOS,OCTAVIO,Gregory,23634,241054,12,(668) 438-2537,M,2022,64 Pennsylvania St.,(411) 213-1846,5/10/2004,(763) 875-0746,aardo@gmail.com,TRUE,Healthcare Informatics
MARTINEZ,DANQUINEASHA,Judd,34097,289537,11,(615) 729-0381,F,2023,13 South Trenton St.,(287) 400-2188,3/12/2005,(772) 845-4478,sagal@gmail.com,FALSE,Electrical
MARTINEZ,DESTINY,Paul,33534,287136,11,(560) 981-5703,F,2023,183 Wood St.,(535) 895-9833,9/19/2005,(560) 603-2684,microfab@gmail.com,FALSE,Welding
MARTINEZ,LUIS,Ellory,21622,230565,9,(675) 459-1981,M,2025,710 Middle River Court,(645) 997-7917,2/19/2007,(649) 517-5342,petersko@comcast.net,FALSE,Plumbing and Piperfitting
MARTINEZ,RUBY,Jaidyn,15601,195849,9,(436) 761-6596,F,2025,8 South Bedford Road,(223) 379-4258,12/22/2007,(351) 960-6194,dkrishna@live.com,FALSE,Emergency Services
MARTINEZ,SIAH,Kingston,15193,193271,10,(944) 425-1659,F,2024,8379 Virginia Rd.,(661) 501-9009,10/17/2006,(377) 824-6604,ivoibs@outlook.com,FALSE,Teaching and Training
MARTINEZ,ZAHIR,Berlynn,6526,126668,10,(804) 360-3955,M,2024,9235 Park Rd.,(417) 637-8466,3/9/2006,(857) 273-9720,steve@me.com,FALSE,Automotive
MARTINEZ MEDINA,JORDAN,Varian,23106,238346,10,(460) 733-1711,M,2024,668 S. Prince Ave.,(768) 724-4655,11/11/2006,(819) 291-6418,tubajon@sbcglobal.net,FALSE,Law Enforcement
MARTINEZ MEJIA,MARKETTA,Troy,33624,287521,11,(792) 365-1942,F,2023,177 East Brookside Street,(216) 880-7772,9/1/2005,(864) 898-6451,ntegrity@verizon.net,FALSE,Animal Science
MATA,JULIUS,Tavian,32073,280812,10,(316) 806-2066,M,2024,25 Rocky River Street,(957) 398-2428,7/26/2006,(958) 536-9061,mstrout@me.com,FALSE,Accounting and Financial Services
MAXWELL,GALILEA,Paul,14869,191199,9,(433) 500-8638,F,2025,8729 Hawthorne Dr.,(253) 548-9378,4/6/2007,(892) 581-3932,froodian@mac.com,FALSE,Healthcare Informatics
MAXWELL,DANIELA,Candice,6539,126794,10,(734) 595-1482,F,2024,9232 Newbridge Drive,(203) 377-7379,2/9/2006,(503) 534-7527,parsimony@yahoo.ca,FALSE,Teaching and Training
MAY,DIGNA,Gavin,30819,275267,12,(865) 411-5800,F,2022,32 Catherine Court,(783) 500-8481,12/18/2004,(423) 541-3244,tbusch@sbcglobal.net,FALSE,Architectural Design
MAY,RICARDO,Adelaide,23791,241853,11,(748) 698-0022,M,2023,625 West Arrowhead Street,(405) 320-6471,11/25/2005,(245) 459-4721,blixem@optonline.net,FALSE,Plumbing and Piperfitting
MCCARTHY,LISSET,Glenn,32862,284245,11,(299) 292-4169,F,2023,20A Mayflower Drive,(780) 741-1883,7/14/2005,(713) 573-5139,sakusha@icloud.com,FALSE,Automotive
MCCARTHY,SEBASTIAN,Devon,20513,224574,9,(827) 345-2920,M,2025,718 Cooper Drive,(424) 520-3898,6/8/2007,(352) 906-1332,niknejad@mac.com,FALSE,Cosmetology 
MCCORMICK,EMILY,Joan,32307,281834,9,(458) 894-3292,F,2025,24 Border Ave.,(379) 977-2038,10/11/2007,(990) 976-9967,miami@yahoo.com,FALSE,Plumbing and Piperfitting
MCCORMICK,BRYCE,Louis,3327,90442,12,(201) 465-9058,M,2022,9861 Gregory Drive,(544) 887-2273,2/5/2004,(591) 696-8691,wojciech@gmail.com,FALSE,Applied Agricultural Engineering
MCDANIEL,THADDEUS,Haiden,32022,280588,10,(987) 663-4103,M,2024,26 Plymouth St.,(861) 269-8492,6/20/2006,(266) 214-2660,wetter@att.net,FALSE,Electrical
MCDANIEL,DANYELLE,Harrison,31652,278963,10,(559) 839-7848,F,2024,294 Winding Way Avenue,(901) 475-8905,4/9/2006,(339) 643-7104,morain@yahoo.com,FALSE,Automotive
MCGEE,BRANDON,Grey,32732,283682,11,(628) 961-3632,M,2023,225 El Dorado St.,(708) 239-9996,7/5/2005,(316) 884-1652,garland@verizon.net,FALSE,Architectural Design
MCGEE,AKHILLIUS,Chase,28612,265228,9,(954) 628-2838,M,2025,446 State Dr.,(300) 810-4797,9/23/2007,(649) 231-8187,bonmots@icloud.com,FALSE,Legal Studies
MEDINA DELGADILLO,RICARDO,Harriet,6796,129262,12,(458) 521-2698,M,2022,9222 Hudson St.,(735) 703-6481,10/26/2004,(460) 426-3854,willg@att.net,FALSE,Accounting and Financial Services
MEJIA,ALYSSA,Carmden,34610,291707,9,(439) 647-2406,F,2025,1 Applegate Rd.,(434) 856-4996,10/9/2007,(653) 793-9624,jbailie@optonline.net,FALSE,Cybersecurity
MEJIA DOMINGUEZ,KRISTOPHER,Adele,20409,224004,11,(806) 975-3117,M,2023,721 Devonshire Street,(662) 490-4035,5/20/2005,(567) 239-3214,grdschl@msn.com,FALSE,Nursing Science
MENDEZ,ALEXIS,Julina,32545,282870,10,(871) 470-7149,F,2024,236 Creek St.,(609) 599-4073,9/26/2006,(490) 643-3891,bdthomas@icloud.com,FALSE,Programming and Software Development
MENDOZA,JASMINE,Will,28511,264759,9,(542) 997-3119,F,2025,453 Richardson Dr.,(904) 879-8689,11/16/2007,(833) 262-5633,josem@optonline.net,FALSE,Plant Science
MENDOZA,EDUARDO,Bailey,21010,227278,10,(669) 694-8433,M,2024,711 Harvard St.,(761) 363-6249,5/2/2006,(557) 783-6821,tristan@optonline.net,FALSE,Plant Science
MENDOZA,JUSTIN,Josiah,18807,215033,12,(764) 621-0883,M,2022,7549 South Glen Creek Ave.,(500) 740-8594,6/23/2004,(222) 524-0779,larry@outlook.com,FALSE,Applied Agricultural Engineering
MENDOZA,IYANNA,Leo,18581,213737,9,(696) 959-0701,F,2025,7702 East Adams Dr.,(415) 407-9528,10/12/2007,(827) 502-1105,flavell@hotmail.com,FALSE,Animal Science
MENDOZA BAUTISTA,ALEXANDER,Ellice,16776,203090,9,(867) 817-4159,M,2025,7807 Lancaster Street,(820) 728-7169,6/18/2007,(431) 647-2581,tromey@me.com,FALSE,Cybersecurity
MENDOZA MENDEZ,ARIANA,Fawn,2619,80244,12,(362) 361-2261,F,2022,9939 Sherwood Dr.,(439) 464-9036,3/3/2004,(568) 517-7163,xtang@att.net,TRUE,Biomedical Science
MERCY- OGBURN,CHELSEY,Sherleen,31669,279037,12,(410) 951-5475,F,2022,294 1st Dr.,(521) 355-6395,5/7/2004,(378) 577-4763,irving@msn.com,FALSE,Architectural Design
MERRITT,ALEXIS,Aryn,25935,252516,11,(507) 587-0088,F,2023,6 Livingston Avenue,(932) 965-3436,4/18/2005,(598) 264-1283,luebke@comcast.net,FALSE,Applied Agricultural Engineering
MIDDLETON,JAMES,Noah,32766,283829,12,(826) 262-8000,M,2022,22 Glendale Lane,(992) 487-4832,12/6/2004,(701) 623-2798,quantaman@comcast.net,TRUE,Emergency Services
MIDDLETON,JAYLON,Clementine,28672,265506,11,(309) 887-0944,M,2023,440 Aspen St.,(650) 421-1217,2/26/2005,(593) 835-9522,iamcal@gmail.com,FALSE,Culinary Arts
MOFFETT,KERRINTON,Matilda,15228,193493,9,(836) 852-8572,F,2025,8287 Green Lake Street,(262) 294-8733,10/11/2007,(956) 876-9475,jginspace@att.net,FALSE,Healthcare Diagnostics
MONTOYA,KARLA,Annora,2753,82271,10,(281) 668-5284,F,2024,9930 E. Hillcrest Road,(365) 608-9586,12/25/2006,(245) 589-0646,mbswan@verizon.net,FALSE,Design and Multimedia Arts
MOORE,DESTINY,Reagan,26207,253836,10,(541) 656-7488,F,2024,595 Bishop Road,(405) 854-0503,7/22/2006,(956) 389-3269,crimsane@optonline.net,FALSE,Programming and Software Development
MORALES,RAECHEL,Carleen,30237,272656,9,(955) 972-4440,F,2025,363 W. Princess Lane,(741) 224-9283,11/10/2007,(910) 314-7945,tbusch@aol.com,FALSE,Engineering
MORALES,TROY,Blanche,20047,222009,9,(931) 635-8198,M,2025,7242 Proctor Ave.,(563) 496-3956,7/20/2007,(665) 742-3731,fbriere@sbcglobal.net,FALSE,Programming and Software Development
MORALES,EDUARDO,Sullivan,18958,215894,9,(899) 675-8294,M,2025,75 Clark Lane,(210) 600-5252,8/5/2007,(556) 845-7926,fglock@live.com,FALSE,Biomedical Science
MORALES,LUIS,Lee,14736,190342,9,(335) 690-8054,M,2025,89 Devonshire Street,(472) 956-0965,10/10/2007,(979) 441-7514,flaviog@msn.com,FALSE,Electrical
MORRIS,AJIAH,Dezi,28803,266112,9,(384) 639-0805,F,2025,40 North Glenholme St.,(292) 400-1558,10/23/2007,(372) 646-6272,jhardin@mac.com,FALSE,Emergency Services
MORRIS,ELENA,Rebecca,15600,195843,9,(615) 494-8672,F,2025,80 East Fulton Dr.,(707) 265-9450,5/19/2007,(262) 678-9317,earmstro@comcast.net,FALSE,Animal Science
MORRIS,SETH,Love,2905,84512,10,(263) 615-4824,M,2024,990 Front Street,(438) 424-5955,12/11/2006,(651) 429-0396,alhajj@mac.com,FALSE,Electrical
MORRIS,MELINDA,Preston,2877,84103,12,(540) 224-8052,F,2022,9906 Park Street,(260) 715-8647,9/27/2004,(684) 627-7549,cgarcia@mac.com,TRUE,Digital Communications
MORRISON,FABIAN,Timothy,22224,233752,10,(740) 626-9126,M,2024,7 Cedarwood Drive,(843) 656-0132,10/1/2006,(970) 532-9015,krueger@aol.com,FALSE,Diesel and Heavy Equipment
MORRISON,ENRIQUE,Gavin,6900,130247,11,(314) 946-6381,M,2023,92 Branch Ave.,(982) 888-9680,2/7/2005,(653) 418-3217,madler@comcast.net,FALSE,Nursing Science
MOURNING,PAHRIS,Malachi,32584,283040,10,(916) 578-4227,F,2024,235 Bishop Court,(577) 293-1541,5/9/2006,(641) 612-7696,kaiser@me.com,FALSE,Automotive
MUNOZ,PEDRO,Anise,14739,190361,9,(423) 209-4909,M,2025,888 Clark Lane,(446) 452-1885,5/6/2007,(559) 415-6924,stinson@optonline.net,FALSE,Digital Communications
MURRAY,SARAH,Meaghan,25340,249602,9,(853) 752-0418,F,2025,612 East Gates St.,(273) 323-4706,6/15/2007,(795) 345-7368,crobles@aol.com,FALSE,Applied Agricultural Engineering
MURRAY,OFELIA,Jared,23707,241426,9,(257) 808-3681,F,2025,631 Ryan Dr.,(425) 853-3204,12/4/2007,(328) 726-0034,miami@me.com,FALSE,Accounting and Financial Services
NICHOLS,TREVEON,Lane,33770,288145,10,(669) 781-8367,M,2024,150 West Hawthorne Court,(697) 529-0318,5/6/2006,(672) 487-7801,seanq@gmail.com,FALSE,Electrical
NUNEZ,KEONDRE,Haiden,8153,141580,12,(257) 831-4210,M,2022,9 Big Rock Cove St.,(754) 772-8253,1/6/2004,(243) 930-5188,rnelson@live.com,FALSE,Cosmetology 
OGETO,TRAMELL,Georgina,30710,274780,9,(374) 829-9826,M,2025,330 South Shirley St.,(469) 824-0721,4/21/2007,(546) 383-4903,oracle@mac.com,FALSE,Automotive
OGLETREE,XZARIANNA,Doran,26625,255853,10,(433) 477-0678,F,2024,588 Fairway Street,(496) 540-3970,12/6/2006,(946) 387-1019,bescoto@msn.com,FALSE,Biomedical Science
OLIVAS,GIANNI,Jordon,23546,240604,9,(466) 849-6467,M,2025,65 Strawberry Ave.,(253) 631-8390,6/3/2007,(389) 369-5617,glenz@yahoo.com,FALSE,Biomedical Science
OLIVER,REUEL,Fawn,27162,258420,12,(532) 302-6442,M,2022,55 Hilltop Drive,(789) 261-1271,5/1/2004,(721) 288-6246,dmiller@me.com,FALSE,Digital Communications
OLVERA,NATASHA,Henry,29918,271214,10,(797) 486-0489,F,2024,372 Pumpkin Hill Road,(637) 625-0564,6/17/2006,(893) 253-2414,devphil@verizon.net,FALSE,Plant Science
ORDONEZ,BILLY,Cody,11667,169365,12,(885) 686-5942,M,2022,89 Shirley St.,(782) 862-8106,4/8/2004,(242) 501-1868,hikoza@sbcglobal.net,FALSE,Plumbing and Piperfitting
ORELLANA,ALI,Arden,19226,217415,10,(533) 701-4998,M,2024,7424 Hilltop Ave.,(938) 910-0682,2/1/2006,(611) 745-5618,kmself@me.com,FALSE,Welding
OROZCO LOPEZ,ANTHONY,Miriam,28540,264894,12,(874) 524-7702,M,2022,45 Hillcrest St.,(823) 770-1014,2/22/2004,(927) 513-3432,aglassis@yahoo.ca,FALSE,Diesel and Heavy Equipment
ORTEGA,NAYANNA,Nicolas,23541,240579,9,(933) 627-6875,F,2025,655 Third Rd.,(539) 606-1587,1/4/2007,(255) 985-2658,subir@att.net,FALSE,Healthcare Therapeutic
ORTIZ,JULIANNE,Dominick,19230,217438,9,(232) 813-5798,F,2025,742 Crescent St.,(682) 494-6520,9/8/2007,(888) 710-9241,frederic@yahoo.com,FALSE,Healthcare Informatics
ORTIZ,ABNER,Elein,7263,133630,9,(636) 584-8817,M,2025,9129 Rockcrest Circle,(513) 342-9470,7/24/2007,(729) 777-4523,jbearp@att.net,FALSE,Animal Science
PACHECO,DAYANARA,Jackson,33274,286021,10,(323) 611-1830,F,2024,199 North Rose Ave.,(486) 455-7914,11/14/2006,(527) 498-5559,timtroyr@me.com,FALSE,Welding
PAGE,AI,Imogen,20600,225050,10,(450) 669-0143,F,2024,717 W. Shub Farm Dr.,(514) 822-8142,7/15/2006,(490) 382-6848,reziac@verizon.net,FALSE,Emergency Services
PARKS,CRISTIAN,Aryn,23622,240992,12,(772) 343-6045,M,2022,65 Applegate St.,(505) 554-8383,6/4/2004,(655) 372-6900,parasite@me.com,FALSE,Welding
PARKS,JONATHAN,Damien,6928,130511,11,(377) 386-4690,M,2023,9199 Summerhouse St.,(548) 318-4950,8/5/2005,(601) 771-6489,smallpaul@msn.com,FALSE,Applied Agricultural Engineering
PARRY,JAEDON,Selene,19288,217765,9,(673) 898-8734,M,2025,7377 Fairway Street,(761) 234-4063,1/25/2007,(506) 679-2527,qrczak@yahoo.com,FALSE,Accounting and Financial Services
PATE,SIMON,Reeve,15626,196006,9,(624) 272-8490,M,2025,7953 Fordham Ave.,(829) 573-8261,3/8/2007,(331) 818-5551,ewaters@aol.com,FALSE,Healthcare Therapeutic
PATTERSON,COLE,Tanner,28785,266029,9,(341) 404-7106,M,2025,41 E. Rose Street,(461) 304-4406,5/2/2007,(725) 528-0176,erynf@aol.com,FALSE,Welding
PAYNE,ARLETH,Claude,26996,257629,9,(347) 303-6075,F,2025,58 Bow Ridge St.,(242) 457-6435,8/25/2007,(233) 707-3079,dbindel@live.com,FALSE,Healthcare Therapeutic
PAYNE,ALDAIR,Brighton,6946,130681,11,(735) 457-8950,M,2023,9197 Prairie Ave.,(218) 434-5974,1/23/2005,(468) 951-1475,dvdotnet@verizon.net,FALSE,Applied Agricultural Engineering
PENA MATOS,ANDREW,Irene,21508,229956,9,(290) 627-5762,M,2025,7103 King Street,(620) 791-4495,5/12/2007,(934) 579-7479,atmarks@yahoo.com,FALSE,Plumbing and Piperfitting
PEREIRA,JOAQUIN,Daniel,28729,265770,9,(241) 368-2286,M,2025,422 West Bedford Dr.,(218) 339-8816,1/18/2007,(774) 893-0091,amichalo@mac.com,FALSE,Healthcare Informatics
PEREZ,JUAN,Anneliese,22946,237519,11,(919) 452-5619,M,2023,673 Bank St.,(912) 770-1991,8/5/2005,(763) 589-8624,tubajon@yahoo.ca,FALSE,Emergency Services
PEREZ,DAVID,Ashten,15359,194324,11,(982) 213-4414,M,2023,82 Temple Dr.,(882) 798-5858,4/18/2005,(527) 451-0598,pkilab@live.com,FALSE,Diesel and Heavy Equipment
PEREZ,DAVID,Rory,7501,135801,10,(589) 639-4496,M,2024,91 Liberty St.,(633) 374-7982,8/3/2006,(933) 508-0138,manuals@yahoo.com,FALSE,Design and Multimedia Arts
PEREZ,MIRNA,Orlando,7008,131263,10,(781) 507-3669,F,2024,9167 Del Monte Street,(831) 643-0550,12/24/2006,(360) 612-9026,eidac@me.com,FALSE,Engineering
PEREZ,NOE,Zane,3120,87583,12,(828) 905-4103,M,2022,989 Gonzales Dr.,(437) 585-8952,2/11/2004,(776) 816-8488,luebke@outlook.com,TRUE,Culinary Arts
PERRY,VANESSA,Hope,28800,266098,9,(831) 391-5146,F,2025,40 Queen St.,(795) 997-8721,6/13/2007,(780) 900-8435,nelson@yahoo.com,FALSE,Programming and Software Development
PERRY,JESUS,Brett,27037,257825,11,(756) 933-0013,M,2023,569 East Vale Dr.,(232) 919-0290,6/8/2005,(845) 705-5639,onestab@sbcglobal.net,TRUE,Electrical
PERRY,ANDREW,Isaac,19096,216679,9,(649) 673-3821,M,2025,7468 Bridle Lane,(243) 682-2691,7/2/2007,(283) 573-4260,wortmanj@yahoo.com,FALSE,Healthcare Informatics
PHILLIPS,LAURA,Apollo,31115,276586,10,(342) 607-0052,F,2024,304 E. Pumpkin Hill Court,(517) 928-9823,7/14/2006,(983) 455-0164,jacks@aol.com,FALSE,Architectural Design
PHILLIPS,JAMIE,Wade,16198,199561,9,(740) 947-4648,F,2025,785 Canal St.,(811) 666-1681,11/15/2007,(705) 441-0546,maneesh@att.net,FALSE,Architectural Design
PIEDRA SAUCEDO,DESTINY,Sophia,34065,289401,12,(930) 796-1770,F,2022,132 Church St.,(708) 492-1005,5/7/2004,(877) 289-8007,gtewari@verizon.net,TRUE,Applied Agricultural Engineering
PLAYER,KOBE,Linnea,24698,246420,12,(710) 732-8846,M,2022,616 Academy St.,(788) 282-6977,7/7/2004,(201) 482-6301,fallorn@msn.com,FALSE,Programming and Software Development
PORRAZ,DEVIN,Xavier,3228,89086,10,(874) 720-6312,M,2024,987C South Talbot Street,(719) 798-5395,4/9/2006,(904) 819-9435,ianbuck@sbcglobal.net,FALSE,Cosmetology 
PORTILLA,NEVAEH,Brendon,8664,145950,12,(248) 935-4089,F,2022,8946 Annadale St.,(986) 820-8715,4/19/2004,(241) 724-5052,choset@optonline.net,TRUE,Design and Multimedia Arts
PORTIS,KELSIE,Elias,3274,89719,11,(479) 325-4572,F,2023,9872 Lower River Dr.,(630) 639-6173,1/14/2005,(790) 681-9099,wayward@msn.com,FALSE,Emergency Services
POWERS,BRISEIDA,Rosalind,26974,257524,9,(450) 496-0629,F,2025,581 Plymouth St.,(792) 967-2972,4/19/2007,(927) 739-9032,yenya@att.net,FALSE,Cybersecurity
POWERS,KAREN,Hyrum,22298,234141,10,(332) 381-3503,F,2024,674 W. Division Drive,(955) 494-0718,2/6/2006,(759) 681-8349,emmanuel@me.com,FALSE,Culinary Arts
PRADIA,LORA,Randall,15231,193513,9,(234) 849-6178,F,2025,828 Sycamore Drive,(543) 381-7086,11/19/2007,(564) 613-9098,mfleming@gmail.com,FALSE,Welding
PRADO,CRYSTAL,Vincent,15128,192857,12,(698) 321-7096,F,2022,843 Primrose St.,(738) 741-8278,10/25/2004,(957) 617-7788,keijser@icloud.com,FALSE,Legal Studies
PRICE,ISRAEL,Charles,34218,290050,12,(273) 862-6010,M,2022,13 Nicolls Road,(892) 840-5492,1/4/2004,(280) 734-3607,violinhi@att.net,FALSE,Accounting and Financial Services
PRICE,JOSE,Apollo,7128,132382,10,(414) 495-4504,M,2024,9142 North Lees Creek Street,(802) 728-8869,3/17/2006,(495) 956-2112,paina@aol.com,FALSE,Welding
PUENTE,MARCO,Joanna,32841,284154,10,(651) 952-7089,M,2024,210 Creekside Rd.,(544) 206-6844,5/10/2006,(501) 829-4855,agolomsh@optonline.net,FALSE,Culinary Arts
PUENTE GONZALEZ,IVY,Julian,28783,266019,9,(678) 986-6301,F,2025,413 Golf Road,(500) 595-1603,8/1/2007,(533) 471-0512,sjmuir@mac.com,FALSE,Emergency Services
PURCELL,JAYLEN,Ryder,28483,264629,9,(878) 260-4667,M,2025,48 Oakwood Drive,(348) 731-4874,8/19/2007,(537) 867-5813,sharon@gmail.com,FALSE,Cybersecurity
QUEZADA ESTRADA,NATHALIE,Rhett,19211,217330,12,(777) 334-0619,F,2022,7445 East Newcastle Ave.,(511) 640-1742,10/13/2004,(424) 962-5998,monkeydo@outlook.com,TRUE,Applied Agricultural Engineering
QUINTANA,JAZMIN,Cash,19460,218734,10,(607) 918-9670,F,2024,7313 Mayfair St.,(401) 812-0929,6/20/2006,(378) 582-3109,skythe@live.com,FALSE,Family and Consumer Services
QUINTANILLA MORENO,ROBERT,Trey,34145,289740,9,(225) 935-3950,M,2025,13 North Linden St.,(819) 633-7743,9/2/2007,(856) 922-5776,munge@mac.com,FALSE,Healthcare Therapeutic
QUIROZ,SARA,Dustin,30771,275053,9,(257) 561-7653,F,2025,33 Jefferson Street,(889) 927-1689,4/10/2007,(269) 978-5920,kewley@yahoo.com,FALSE,Animal Science
RAIZOLA,WALTER,Syllable,33231,285836,9,(400) 749-8846,M,2025,2 Race St.,(625) 926-9331,6/19/2007,(242) 357-0123,dmiller@live.com,FALSE,Diesel and Heavy Equipment
RAMIREZ,DAMIAN,Elein,31134,276670,12,(259) 530-4853,M,2022,302 Riverview Drive,(853) 337-8200,2/19/2004,(871) 313-9606,eurohack@aol.com,FALSE,Healthcare Informatics
RAMIREZ,JOSUE,Madisen,15516,195315,9,(471) 538-0013,M,2025,819 West Ohio Street,(998) 387-8581,8/23/2007,(870) 383-6067,hamilton@hotmail.com,FALSE,Diesel and Heavy Equipment
RAMIREZ,JESSE,Lillian,15516,195315,9,(702) 433-3553,M,2025,8196 Lafayette St.,(311) 212-3467,6/19/2007,(753) 488-0865,philb@att.net,FALSE,Healthcare Diagnostics
RAMIREZ,OSWALDO,Carmden,15257,193678,9,(845) 337-3352,M,2025,821 Coffee Ave.,(460) 256-6635,12/12/2007,(886) 207-6997,multiplx@att.net,FALSE,Healthcare Diagnostics
RASHEED,RAQUEL,Rylie,14790,190690,9,(903) 472-4399,F,2025,88 West Indian Summer Rd.,(902) 357-5649,3/19/2007,(976) 919-2612,jfinke@optonline.net,FALSE,Design and Multimedia Arts
RAYO,JOSE,Berlynn,30495,273816,12,(953) 709-7110,M,2022,345 Anderson St.,(593) 719-0777,7/21/2004,(761) 888-6065,curly@live.com,TRUE,Accounting and Financial Services
REBOLLOSO,BRANDON,Dante,32041,280672,9,(974) 900-8710,M,2025,26 NW. Cherry Hill Rd.,(573) 566-8818,6/1/2007,(299) 903-6326,larry@aol.com,FALSE,Automotive
RENTERIA,ANGEL,Naomi,15228,193493,10,(445) 338-9999,M,2024,831 Brewery Drive,(420) 782-6955,5/8/2006,(216) 948-3391,meinkej@icloud.com,FALSE,Healthcare Diagnostics
REYES,KENNETH,Monteen,15721,196601,10,(473) 999-2993,M,2024,7931 Sierra Lane,(770) 768-4624,9/15/2006,(648) 482-9895,lauronen@outlook.com,FALSE,Digital Communications
REYES,GABRIELA,Lucinda,15034,192257,10,(951) 492-8827,F,2024,8558 Tallwood Ave.,(584) 214-6388,10/16/2006,(551) 541-5644,tmccarth@msn.com,FALSE,Culinary Arts
REYES-RUIZ,BRIAN,Jane,26150,253560,9,(699) 396-3084,M,2025,595 Cottage Drive,(392) 298-8766,7/23/2007,(488) 434-2494,skajan@msn.com,FALSE,Architectural Design
REYNA,BUNNY,Vanessa,25436,250075,10,(456) 241-4444,F,2024,61 Birchwood Street,(777) 358-0691,12/11/2006,(627) 689-1139,devphil@outlook.com,FALSE,Engineering
RICHARDS,GLORIA,Evony,23097,238299,12,(328) 203-9661,F,2022,67 Bridle Ave.,(820) 677-4246,9/12/2004,(775) 416-6140,dwsauder@comcast.net,FALSE,Welding
RICHARDS,KATHERINE,Lynn,14885,191302,9,(677) 957-6546,F,2025,8684 Glenwood Lane,(802) 491-0856,8/1/2007,(678) 254-2420,staikos@gmail.com,FALSE,Diesel and Heavy Equipment
RICO DELCID,GIHOVANNY,Denise,27131,258272,10,(697) 237-6205,M,2024,568 Race Road,(428) 994-7884,6/15/2006,(399) 631-9208,sekiya@aol.com,FALSE,Nursing Science
RIOS,MEYLAN,Matteo,31751,279398,12,(409) 231-5761,F,2022,27 Wellington St.,(466) 932-0066,6/22/2004,(583) 711-2970,valdez@msn.com,FALSE,Plant Science
RIOS,ETHAN,Fern,31660,278998,12,(787) 643-3518,M,2022,294 Old Cardinal Street,(889) 980-9144,10/2/2004,(398) 549-0118,miyop@icloud.com,FALSE,Nursing Science
RIOS,ANTHONY,Reese,22195,233600,9,(835) 513-2119,M,2025,7 SW. State Ave.,(972) 639-8867,10/15/2007,(683) 293-3405,louise@outlook.com,FALSE,Law Enforcement
RIOS,KLIMBERT,Sean,19666,219889,10,(403) 829-4473,M,2024,73 Arrowhead Ave.,(202) 330-9044,5/16/2006,(610) 494-1013,avalon@live.com,FALSE,Welding
RIVAS,FERNANDA,Drew,17649,208308,9,(307) 397-5258,F,2025,7774 Marvon St.,(877) 558-7063,6/22/2007,(392) 957-8695,treeves@verizon.net,FALSE,Cosmetology 
RIVAS,FRANCELY,Emeline,7270,133694,11,(474) 643-5907,F,2023,9121 West Franklin Street,(556) 545-3891,12/4/2005,(784) 264-2533,mfleming@gmail.com,TRUE,Programming and Software Development
RIVERA,JOHNTARRIAN,Annora,27200,258601,9,(643) 347-8574,M,2025,54 W. Fairview Court,(280) 558-1130,12/11/2007,(451) 491-1723,cgcra@mac.com,FALSE,Family and Consumer Services
RIVERA,MATTHEW,Vivian,15207,193360,11,(753) 813-8140,M,2023,8375 Greenview Avenue,(724) 683-9192,8/25/2005,(822) 289-3155,parsimony@me.com,FALSE,Healthcare Informatics
ROBERTSON,JESSTIN,Jasper,19400,218397,12,(938) 609-7203,M,2022,7333 Indian Spring Street,(212) 660-1841,5/16/2004,(922) 318-3652,hahiss@msn.com,FALSE,Nursing Science
ROBLES,EXGUIN,Viola,15467,195006,10,(232) 233-1501,M,2024,8198 Carson Street,(987) 311-4380,7/7/2006,(696) 310-9724,jeteve@optonline.net,FALSE,Healthcare Diagnostics
ROBLES,MELANIE,Naveen,15055,192391,10,(416) 402-3112,F,2024,8511 Gartner Ave.,(215) 674-4519,4/1/2006,(273) 308-7326,uncled@yahoo.com,FALSE,Welding
RODGERS,STEVEN,Debree,22179,233516,9,(407) 260-2429,M,2025,7 Wilson St.,(214) 936-5771,6/7/2007,(923) 476-1001,mrobshaw@me.com,FALSE,Cosmetology 
RODGERS,DAMIAN,Clelia,20934,226867,10,(222) 610-8009,M,2024,7115 Windsor St.,(499) 810-8599,3/2/2006,(614) 518-4164,ribet@yahoo.ca,FALSE,Healthcare Diagnostics
RODRIGUEZ,JEREMY,Conrad,31814,279675,10,(778) 524-0390,M,2024,261 Poplar Drive,(832) 419-3935,1/5/2006,(717) 392-8463,syncnine@msn.com,FALSE,Healthcare Therapeutic
RODRIGUEZ,XALIA-WYNTER,Silvia,27137,258301,9,(411) 426-7978,F,2025,567 North Marshall Dr.,(382) 289-9491,9/7/2007,(621) 416-7914,augusto@verizon.net,FALSE,Culinary Arts
RODRIGUEZ,RA YANNA,Lydon,8228,142230,11,(973) 546-8203,F,2023,896 Manor Station Dr.,(450) 360-0573,10/23/2005,(571) 482-6423,tsuruta@live.com,FALSE,Design and Multimedia Arts
RODRIGUEZ,ARIANA,Dante,8206,142040,10,(256) 477-1770,F,2024,898 Oxford Street,(851) 475-7864,6/9/2006,(533) 527-3880,galbra@msn.com,FALSE,Emergency Services
RODRIGUEZ,BELYNN,Harrison,7787,138366,10,(233) 492-4612,F,2024,9067 East Gartner St.,(522) 480-3158,2/3/2006,(867) 885-9152,neuffer@comcast.net,FALSE,Programming and Software Development
RODRIGUEZ-CORADO,THORNTON,Carlen,15719,196588,10,(762) 225-4534,M,2024,7940 Arrowhead Court,(268) 259-4988,9/1/2006,(385) 485-0996,mcraigw@verizon.net,FALSE,Plant Science
ROMERO,CHARLES,Zoe,33601,287423,9,(829) 888-4741,M,2025,18 Ohio St.,(989) 794-4665,1/19/2007,(699) 475-4479,aprakash@icloud.com,FALSE,Plant Science
ROSALES,CHASE,Caprice,8235,142291,10,(863) 216-8849,M,2024,8958 Heather St.,(364) 655-1049,1/25/2006,(458) 773-5906,rhavyn@live.com,FALSE,Law Enforcement
ROSAS,KLOEY,Sherleen,7810,138570,11,(423) 384-3925,F,2023,9040 East Glendale St.,(472) 296-8556,5/19/2005,(252) 648-1098,kassiesa@outlook.com,FALSE,Family and Consumer Services
ROSS,JACOBY,Tavian,8241,142342,12,(893) 851-8474,M,2022,8951 Wild Rose Avenue,(217) 326-9815,6/22/2004,(413) 943-7370,jtorkbob@me.com,FALSE,Engineering
RUDOLPH,JONATHAN,Noah,14712,190187,9,(567) 607-6665,M,2025,89 Fremont Rd.,(544) 646-5062,6/14/2007,(583) 711-6948,leocharre@comcast.net,FALSE,Emergency Services
RUIZ LOPEZ,DOMINIC,Janetta,14833,190967,9,(626) 720-9458,M,2025,8751 Fairground St.,(369) 212-2126,2/9/2007,(631) 519-8331,mcast@hotmail.com,FALSE,Law Enforcement
RUIZ ZELAYA,TYLER,Hugh,7828,138730,11,(786) 371-2537,M,2023,903 E. Summer Dr.,(893) 964-5155,3/12/2005,(615) 530-6216,ryanvm@outlook.com,FALSE,Healthcare Informatics
RUSSELL,RICKY,Garrison,18795,214964,11,(411) 962-2222,M,2023,7556 South Nicolls Ave.,(621) 316-6526,5/1/2005,(814) 841-2679,sjmuir@live.com,FALSE,Law Enforcement
RUSSELL,DEISY,Malachi,11134,165451,10,(622) 715-2495,F,2024,8901 Pearl Drive,(998) 670-3349,5/12/2006,(320) 479-9066,biglou@att.net,FALSE,Cosmetology 
SAGASTUME MARTINEZ,ZOE,Rayleen,14759,190491,10,(776) 881-7944,F,2024,8861 W. Thomas Ave.,(895) 620-9555,9/25/2006,(852) 976-4562,tezbo@att.net,FALSE,Welding
SALAZAR,TEYANA,Brock,31644,278927,10,(703) 575-1587,F,2024,3 Andover Street,(798) 922-7995,3/23/2006,(746) 931-7309,gommix@optonline.net,FALSE,Architectural Design
SALINAS,AMANDA,Zachary,15574,195679,9,(973) 639-4209,F,2025,8082 Green Lake Street,(763) 624-7843,11/3/2007,(244) 543-9486,bryanw@comcast.net,FALSE,Accounting and Financial Services
SALINAS,ANGEL,Clark,6738,128709,11,(439) 785-7904,M,2023,923 Prospect St.,(447) 318-3758,4/25/2005,(494) 625-4823,aardo@msn.com,FALSE,Programming and Software Development
SANDOVAL,LUIS,Carelyn,15588,195767,9,(955) 569-9880,M,2025,8039 Del Monte Ave.,(340) 623-8283,2/21/2007,(822) 560-8883,rcwil@live.com,FALSE,Digital Communications
SANDOVAL,MATTHEW,Georgina,6823,129519,10,(568) 424-5354,M,2024,9218 E. Bishop Lane,(814) 348-5360,7/26/2006,(254) 535-2371,rupak@mac.com,FALSE,Healthcare Informatics
SANTIAGO,RAMIRO,Everett,30321,273034,11,(761) 376-3637,M,2023,362 Schoolhouse Lane,(472) 694-4531,5/21/2005,(602) 707-2400,osrin@gmail.com,FALSE,Digital Communications
SANTIAGO,ANDERSON,Breean,15774,196932,9,(497) 721-7719,M,2025,7894 West Helen Lane,(658) 679-5064,2/20/2007,(728) 697-2668,parkes@icloud.com,FALSE,Cosmetology 
SAWYER,DANIEL,Lee,22070,232941,10,(421) 318-8155,M,2024,7030 Walt Whitman Rd.,(642) 794-2704,12/17/2006,(312) 738-9513,sassen@msn.com,FALSE,Accounting and Financial Services
SCHIMPF-PHILLIPS,JESUS,Korin,7638,137036,11,(247) 375-1908,M,2023,91 E. Peachtree St.,(683) 659-3015,8/1/2005,(985) 845-7689,ehood@sbcglobal.net,TRUE,Nursing Science
SHANNON,JOSEPH,Jae,22106,233131,11,(752) 214-2329,M,2023,700 Bridge Lane,(228) 495-5013,11/24/2005,(905) 748-4429,specprog@yahoo.ca,FALSE,Healthcare Informatics
SHELLMIRE,ALONDRA,Gwendolen,18871,215398,9,(710) 623-8010,F,2025,7529 East Coffee Ave.,(914) 788-9901,1/27/2007,(397) 287-4048,burniske@verizon.net,FALSE,Diesel and Heavy Equipment
SHEPHERD,ANGELA,Marguerite,27150,258363,9,(844) 320-2735,F,2025,55 Orchard Lane,(271) 793-1433,8/26/2007,(372) 797-1010,russotto@outlook.com,FALSE,Diesel and Heavy Equipment
SIMIEN,DAGMAR,Brock,7738,137930,10,(895) 937-7568,M,2024,907 Buckingham Road,(984) 540-3067,3/7/2006,(657) 997-8926,kawasaki@icloud.com,FALSE,Animal Science
SMITH,GENESIS,Susannah,15855,197437,10,(372) 876-0324,F,2024,787 Mechanic Drive,(800) 273-8300,10/4/2006,(527) 276-8598,heine@live.com,FALSE,Healthcare Diagnostics
SMITH,DIANA,Vernon,15571,195661,9,(370) 471-5425,F,2025,81 Mammoth Ave.,(427) 661-2406,2/5/2007,(678) 824-6927,plover@yahoo.com,FALSE,Automotive
SMITH,LITZY,Mae,15535,195434,9,(503) 877-8260,F,2025,812 Virginia Rd.,(682) 254-0910,3/8/2007,(355) 845-1568,chunzi@yahoo.com,FALSE,Plumbing and Piperfitting
SMITH,VICTOR,Kae,7880,139190,10,(577) 972-9979,M,2024,9020 South Golf Street,(239) 894-4652,6/10/2006,(997) 501-0626,credmond@aol.com,FALSE,Applied Agricultural Engineering
SMITH,DANIEL,Fern,7787,138366,11,(438) 727-4349,M,2023,905 S. Gregory Street,(553) 889-3558,11/10/2005,(213) 658-2751,dpitts@aol.com,TRUE,Digital Communications
SOLORZANO,JACQUELINE,Alice,15540,195466,9,(939) 936-5634,F,2025,81 Proctor Dr.,(997) 789-3017,11/19/2007,(542) 882-7758,portscan@att.net,FALSE,Programming and Software Development
SOSA,RANDY,Kylie,25833,252019,9,(820) 241-4070,M,2025,6 Wayne Court,(523) 469-1341,8/14/2007,(658) 266-5320,lstein@comcast.net,FALSE,Cybersecurity
SOWELLS,JOCELYN,Matteo,7984,140105,10,(557) 478-4223,F,2024,9004 Rockland Court,(938) 944-2180,2/21/2006,(558) 824-7342,flaviog@hotmail.com,FALSE,Teaching and Training
SPAHNI,JOEL,Ocean,15525,195371,9,(993) 632-1546,M,2025,818 Foxrun Lane,(963) 577-2713,3/7/2007,(809) 759-5677,jeteve@gmail.com,FALSE,Culinary Arts
SPANN,WILLIAM,Robert,7996,140211,10,(826) 217-9179,M,2024,90 Hawthorne St.,(449) 851-8976,12/17/2006,(794) 457-7239,barnett@icloud.com,FALSE,Healthcare Diagnostics
STANTON,MIGUEL,Miranda,15583,195736,9,(237) 451-7104,M,2025,806 East Foster St.,(929) 744-4411,12/27/2007,(745) 674-0456,gslondon@me.com,FALSE,Nursing Science
STANTON,ANTHONY,Syllable,14784,190652,9,(277) 782-6459,M,2025,8824 South Durham Circle,(494) 522-7157,4/4/2007,(299) 698-9915,library@gmail.com,FALSE,Teaching and Training
STARNES,ABNER,Caren,20416,224043,11,(977) 842-1983,M,2023,720 Homestead Circle,(686) 574-8006,2/13/2005,(792) 817-0957,jgoerzen@me.com,FALSE,Digital Communications
STEVENS,SANTOS,Ace,32133,281074,10,(962) 456-3001,F,2024,24 Jones Street,(528) 764-9829,10/25/2006,(976) 458-4332,gator@comcast.net,FALSE,Cybersecurity
STEVENS,MARIO,Natalie,28931,266702,9,(982) 599-9762,M,2025,397 West Hanover Drive,(280) 227-4917,8/8/2007,(498) 976-1895,frode@sbcglobal.net,FALSE,Emergency Services
STOVER,YESSICA,Conrad,8019,140412,12,(716) 328-4952,F,2022,9 SW. Thomas St.,(896) 441-1054,8/26/2004,(918) 332-3368,seebs@yahoo.com,TRUE,Plant Science
SWANSON,OSCAR,Kae,31707,279205,11,(259) 810-8935,M,2023,291 Riverside Ave.,(461) 224-7079,7/12/2005,(834) 569-1354,nasarius@outlook.com,FALSE,Nursing Science
SWANSON,DVONE,Noel,15707,196513,9,(784) 999-5522,M,2025,7944 Catherine St.,(475) 560-8002,7/7/2007,(663) 490-2254,jsbach@gmail.com,FALSE,Law Enforcement
TAIT,JALYN,Jax,23881,242310,11,(454) 686-5962,M,2023,623 W. Foxrun Ave.,(598) 909-2063,2/8/2005,(638) 587-8630,mpiotr@verizon.net,TRUE,Nursing Science
TAIT,MAYA,Cerise,18583,213748,9,(833) 780-0282,F,2025,77 William Street,(360) 364-6354,8/19/2007,(431) 943-1397,sekiya@me.com,FALSE,Teaching and Training
TAYLOR,CRYSTAL,Jacklyn,28142,263041,12,(524) 463-1603,F,2022,506 Aspen Ave.,(462) 992-2203,5/9/2004,(727) 358-8675,darin@optonline.net,FALSE,Architectural Design
TEZINO,PAULINO,Shane,8041,140605,11,(993) 334-2909,M,2023,9 Market Drive,(378) 792-5639,8/5/2005,(510) 661-8392,ajlitt@aol.com,TRUE,Nursing Science
THOMAS,ARACELY,Brandt,27179,258501,10,(389) 528-1831,F,2024,549 High Noon St.,(811) 331-0348,2/11/2006,(904) 601-6289,makarow@optonline.net,FALSE,Healthcare Therapeutic
THOMPSON,BRENDA,Evelyn,31046,276279,11,(858) 477-5467,F,2023,305 Halifax Court,(603) 232-3733,12/8/2005,(965) 337-6318,sisyphus@aol.com,FALSE,Cybersecurity
THOMPSON,JESUS,Kaitlin,30402,273399,11,(888) 903-6945,M,2023,35 Lower River St.,(960) 664-2259,5/18/2005,(751) 839-3010,frostman@comcast.net,TRUE,Cybersecurity
THOMSON,REGINALD,Lydon,32050,280711,12,(961) 541-1058,M,2022,258 Mulberry Lane,(325) 774-6959,2/10/2004,(822) 562-1835,matloff@gmail.com,FALSE,Animal Science
THOMSON,MAYA,Edward,31747,279381,10,(556) 890-2403,F,2024,278 Livingston Street,(850) 892-4969,8/8/2006,(856) 330-4430,iamcal@verizon.net,FALSE,Nursing Science
TORRES,EDDER,David,14788,190678,9,(244) 601-5910,M,2025,8821 SE. 2nd Street,(908) 496-9819,3/19/2007,(445) 613-2206,saridder@live.com,FALSE,Healthcare Diagnostics
TURNER,RICKY,Nadeen,18722,214546,9,(797) 950-0595,M,2025,7580 Beach Court,(848) 393-8554,7/19/2007,(655) 468-5152,greear@me.com,FALSE,Programming and Software Development
TURNER,JESSICA,Byron,4149,100999,12,(872) 878-0846,F,2022,9817 W. Brewery Road,(970) 837-8780,5/9/2004,(645) 429-6664,phizntrg@aol.com,TRUE,Family and Consumer Services
VALLE,ALVARO,Suzan,21640,230661,10,(272) 598-5303,M,2024,71 St Louis Dr.,(730) 922-5455,6/7/2006,(741) 913-1099,xtang@att.net,FALSE,Architectural Design
VALLEY,JOCELYN,Troy,14963,191803,9,(960) 793-8513,F,2025,868 South Street,(931) 804-1984,4/12/2007,(301) 909-7140,wildfire@me.com,FALSE,Healthcare Informatics
VASQUEZ,KENNETH,Joseph,19124,216838,9,(215) 566-5327,M,2025,7467 Highland Drive,(237) 902-9729,1/16/2007,(555) 236-2443,kramulous@outlook.com,FALSE,Law Enforcement
VASQUEZ,TYLER,Taye,15770,196907,9,(660) 899-1588,M,2025,79 Smith Store Street,(562) 202-3124,2/2/2007,(501) 676-9951,carroll@aol.com,FALSE,Welding
VASQUEZ,RENE,Finn,15235,193538,9,(468) 865-2180,M,2025,827 Brewery Dr.,(262) 510-9640,6/17/2007,(835) 966-1120,mleary@mac.com,FALSE,Engineering
VILLEGAS,VIRGINIA,Preston,27204,258620,12,(296) 292-0610,F,2022,54 Primrose St.,(338) 828-7765,11/6/2004,(331) 459-0566,microfab@aol.com,FALSE,Welding
WADE,KEESHAWN,Raine,32905,284431,10,(670) 724-4025,M,2024,208 Brandywine Drive,(636) 955-7248,3/10/2006,(748) 887-1641,suresh@outlook.com,FALSE,Cybersecurity
WADE,FREDY,Elias,27649,260726,12,(742) 601-8714,M,2022,53 Rockledge Dr.,(362) 474-5295,5/23/2004,(624) 605-2205,sinkou@gmail.com,TRUE,Cosmetology 
WADE,ANNABELLA,Benjamin,14842,191025,9,(851) 364-3579,F,2025,8751 Acacia Drive,(363) 504-5176,3/18/2007,(439) 635-3732,cliffski@icloud.com,FALSE,Accounting and Financial Services
WAGNER,QUINTEN,Dex,28354,264029,9,(906) 891-9615,M,2025,5 Lakewood Street,(250) 613-5215,11/10/2007,(804) 743-0064,lridener@verizon.net,FALSE,Teaching and Training
WAGNER,DEJANIQUE,Francis,6895,130200,12,(921) 571-0187,F,2022,92 Winding Way Lane,(672) 766-2433,5/17/2004,(585) 658-4681,dobey@outlook.com,FALSE,Automotive
WALKER,ALEJANDRO,Luke,32910,284452,10,(216) 980-3703,M,2024,20 Wood St.,(524) 673-5507,3/23/2006,(609) 257-6692,linuxhack@sbcglobal.net,FALSE,Teaching and Training
WALKER,EMILY,Grant,23080,238212,10,(564) 728-9619,F,2024,672 Newport St.,(348) 364-0967,3/5/2006,(937) 878-1303,rsmartin@att.net,FALSE,Applied Agricultural Engineering
WALKER,BRIAN,Bailee,20172,222700,10,(277) 299-3101,M,2024,724 Birchwood Ave.,(985) 274-2964,7/10/2006,(540) 387-3615,aprakash@mac.com,FALSE,Digital Communications
WALKER,CUONG,Karilyn,18638,214065,10,(814) 312-3755,M,2024,7633 Lincoln Drive,(797) 254-1649,5/8/2006,(559) 349-6584,keijser@icloud.com,FALSE,Programming and Software Development
WALKER,KENNY,Dustin,6840,129680,12,(704) 203-9496,M,2022,9201 Lakeshore Lane,(384) 299-8922,3/14/2004,(949) 760-5908,hillct@yahoo.ca,TRUE,Architectural Design
WALLACE,JADEN,Harriet,30692,274699,10,(795) 713-1793,F,2024,336 Nut Swamp Drive,(518) 845-2347,1/2/2006,(686) 741-7622,pgottsch@optonline.net,FALSE,Legal Studies
WALLACE,SHAWN,Fernando,27204,258620,9,(850) 243-3723,M,2025,54 Thatcher Street,(233) 309-8878,1/24/2007,(408) 428-6086,augusto@msn.com,FALSE,Programming and Software Development
WALLACE,GARRETT,Abigail,20325,223543,12,(832) 828-4723,M,2022,7239 E. Dunbar Lane,(355) 664-5736,10/25/2004,(830) 512-1887,evans@verizon.net,FALSE,Cosmetology 
WASHINGTON,ASHLEY,Jeremy,28451,264481,12,(931) 977-1081,F,2022,496 Bayberry Street,(519) 789-9043,3/2/2004,(635) 604-2631,juerd@gmail.com,FALSE,Diesel and Heavy Equipment
WATKINS,VEIDA,Cody,32699,283539,12,(707) 881-4085,F,2022,232 Schoolhouse Dr.,(464) 392-6633,6/3/2004,(726) 548-6762,jaffe@gmail.com,FALSE,Family and Consumer Services
WATKINS,SHINA,Riley,28728,265765,9,(956) 440-7904,F,2025,429 Windfall St.,(713) 412-5798,8/15/2007,(635) 772-4713,portscan@sbcglobal.net,FALSE,Legal Studies
WATKINS,ANDREW,Seth,4235,102040,12,(993) 557-8719,M,2022,9817 Poor House Street,(890) 476-1979,10/14/2004,(220) 478-3000,catalog@hotmail.com,FALSE,Plumbing and Piperfitting
WAUDBY,JAKOBE,Neil,28471,264574,10,(994) 483-9469,M,2024,48 South Indian Summer Road,(645) 751-1521,3/2/2006,(458) 694-7196,gtaylor@yahoo.ca,FALSE,Animal Science
WEBB,ZACHARY,Vivian,34466,291099,10,(817) 436-3106,M,2024,117 Purple Finch Rd.,(323) 437-2063,2/1/2006,(814) 833-8104,symbolic@verizon.net,FALSE,Law Enforcement
WELCH,ALEXANDER,Kate,34475,291137,10,(373) 410-8159,M,2024,112 Roehampton Drive,(283) 630-2366,6/6/2006,(737) 287-0487,sarahs@aol.com,FALSE,Emergency Services
WHITE,BOBBY,Nevin,25724,251486,10,(639) 420-2708,M,2024,602 Bowman Dr.,(245) 376-7813,6/4/2006,(996) 942-6449,symbolic@comcast.net,FALSE,Digital Communications
WHITTAKER,JUAN,Lee,32805,283998,9,(914) 268-5396,M,2025,219 West New Drive,(753) 705-4433,7/26/2007,(540) 618-6594,hllam@yahoo.ca,FALSE,Law Enforcement
WHITTAKER,STEPHANIE,Isaiah,23776,241777,9,(357) 817-9149,F,2025,629 Galvin Drive,(942) 592-4036,12/5/2007,(206) 640-0374,pfitza@verizon.net,FALSE,Healthcare Diagnostics
WILLIAMS,ODARIUS,Candice,30532,273983,12,(292) 908-3220,M,2022,342 Dunbar Street,(999) 837-5498,11/18/2004,(356) 248-4440,sscorpio@sbcglobal.net,FALSE,Teaching and Training
WILLIAMS,HUMBERTO,Coreen,25823,251970,9,(846) 990-7228,M,2025,600 Roosevelt Street,(683) 398-4350,9/1/2007,(593) 582-3689,trygstad@me.com,FALSE,Law Enforcement
WILLIAMS,MAKENZIE,Kai,4385,103831,10,(536) 806-2594,F,2024,9805 Windfall Drive,(534) 707-1795,6/18/2006,(706) 572-5462,dmiller@yahoo.ca,FALSE,Diesel and Heavy Equipment
WILLIS,KEVIN,Lawrence,33977,289027,11,(754) 816-1633,M,2023,138 Nicolls Ave.,(466) 311-6583,7/4/2005,(476) 669-4326,gfxguy@hotmail.com,TRUE,Engineering
WILSON,AAREEON,Juliet,32755,283782,12,(947) 593-9782,M,2022,220 Lincoln Ave.,(259) 690-5185,4/16/2004,(325) 813-5063,peoplesr@yahoo.com,TRUE,Family and Consumer Services
WILSON,ELIAS,Bernice,22048,232825,9,(944) 269-9982,M,2025,705 Greenview Drive,(328) 693-8965,3/16/2007,(308) 715-0277,mddallara@yahoo.ca,FALSE,Engineering
WINFREY,CLAUDIA,Tyson,4500,105184,10,(501) 745-1060,F,2024,9740 Fieldstone Drive,(402) 313-7159,9/11/2006,(563) 910-3227,drjlaw@att.net,FALSE,Diesel and Heavy Equipment
WOODS,FLORENTINO,Cameron,28462,264532,9,(571) 946-5172,M,2025,494 W. Lees Creek Drive,(824) 296-2441,7/13/2007,(716) 466-9918,cfhsoft@verizon.net,FALSE,Accounting and Financial Services
WOODS,KENIA,Gillian,27565,260330,12,(241) 520-7642,F,2022,53 West White Ave.,(613) 852-1925,1/27/2004,(292) 513-0504,parents@hotmail.com,TRUE,Culinary Arts
WOODS,ANTHONY,Jeremy,4579,106103,10,(465) 991-4256,M,2024,9732 Oakwood Ave.,(574) 394-0114,1/5/2006,(608) 691-2524,fwiles@hotmail.com,FALSE,Legal Studies
WRIGHT,RONY,Jolee,30047,271798,12,(431) 893-7103,M,2022,37 Sherman St.,(387) 607-3607,2/3/2004,(362) 236-5889,skajan@optonline.net,FALSE,Emergency Services
ZAPATA,KAMRON,Cameron,4618,106554,12,(395) 797-3895,M,2022,9723 Fairground Ave.,(455) 364-6019,1/18/2004,(509) 862-7278,harryh@comcast.net,FALSE,Healthcare Diagnostics
ZIMMERMAN,RYAN,James,7494,135738,11,(548) 422-0030,M,2023,91 Sussex Road,(599) 474-3880,4/21/2005,(534) 663-6638,improv@mac.com,FALSE,Engineering
