LAST-NAME,FIRST-NAME,MIDDLE-NAME,STUDENT-ID,INTERNAL-ID,GRADE,PHONE_NUMBER,GENDER,GRADYEAR,ADDRESS,SECOND_PHONE,BIRTHDATE,THIRD_PHONE,EMAIL_ADDRESS,DUAL-CREDIT-ELIGIBLE,PROGRAM-OF-STUDY,HISTORY,SCHEDULE
ABBOTT,KEVIN,Madeleine,29024,267131,12,(591) 383-8569,M,2022,39 Cambridge Ave.,(797) 620-1241,2/11/2004,(974) 458-7712,fairbank@outlook.com,FALSE,Digital Communications,English I;English II;English III;Algebra I;Geometry;Algebra II;World Geography;AP World History;Biology;Chemistry;Physics;Professional Communications;Audio/Video Production I;Audio/Video Production II;Principles of Arts Audio/Video Technology and Communications,null;null;null;null;null;null;null;null
AGUERO-SOTELO,JADON,Tristan,23423,239975,12,(447) 677-1046,M,2022,66 East Street,(851) 254-0537,1/19/2004,(799) 223-5286,dprice@outlook.com,TRUE,Plant Science,English I;English II;English III;Algebra I;Geometry;Algebra II;World Geography;AP World History;Biology;Chemistry;Physics;Principles of Agriculture Food & Natural Resources;Horticultural Science;Floral Design,null;null;null;null;null;null;null;null
AGUILAR,JOSHUA,Blair,33630,287547,9,(569) 665-2564,M,2025,176 Sleepy Hollow St.,(231) 886-6657,1/8/2007,(395) 396-3765,bruck@gmail.com,FALSE,Design and Multimedia Arts,null,null;null;null;null;null;null;null;null
AGUILAR,KIONNA,Avery,22065,232915,10,(384) 624-1433,F,2024,704 West Wagon St.,(630) 359-7777,2/9/2006,(367) 954-3207,denton@mac.com,FALSE,Plant Science,English I;Algebra I;World Geography;Biology;Principles of Agriculture Food & Natural Resources,null;null;null;null;null;null;null;null
ALDACO,ROLANDO,Blayne,17149,205336,10,(341) 645-1971,M,2024,780 South Courtland Court,(806) 477-6043,1/20/2006,(579) 929-6102,bogjobber@msn.com,FALSE,Applied Agricultural Engineering,English I;Journalism;Algebra I;World Geography;Biology;Principles of Agriculture Food & Natural Resources,null;null;null;null;null;null;null;null
ALLEN,CORINNE,Kent,19287,217760,9,(428) 684-6370,F,2025,74 West Anderson Street,(636) 459-1321,7/14/2007,(586) 635-4720,fraterk@icloud.com,FALSE,Plant Science,null,null;null;null;null;null;null;null;null
ALLISON,LUIS-ANGEL,Marguerite,2572,79520,9,(942) 229-3313,M,2025,9991 La Sierra Street,(770) 669-5673,7/4/2007,(473) 816-6864,aprakash@outlook.com,FALSE,Welding,null,null;null;null;null;null;null;null;null
ALMANZA,WILLIAM,Rene,15595,195811,9,(349) 959-2269,M,2025,801 N. Cardinal Dr.,(333) 371-6946,9/23/2007,(966) 896-3980,paina@aol.com,FALSE,Plant Science,null,null;null;null;null;null;null;null;null
ALVAREZ,KYRA,Finn,34548,291445,9,(772) 355-7715,F,2025,10 Paris Hill Rd.,(252) 648-8266,6/18/2007,(568) 302-5828,jginspace@att.net,FALSE,Architectural Design,null,null;null;null;null;null;null;null;null
ANDERSON,ANDY,Julian,25690,251320,12,(628) 433-1573,M,2022,605 Beech St.,(918) 557-6588,12/21/2004,(348) 542-7889,frostman@att.net,FALSE,Design and Multimedia Arts,English I;English II;English III;Algebra I;Geometry;Algebra II;World Geography;AP World History;Biology;Chemistry;Physics;Principles of Arts Audio/Video Technology and Communications;Graphic Design and Illustration I;Graphic Design and Illustration II with Lab,null;null;null;null;null;null;null;null
ANZALDUA,RYAN,Robin,28695,265612,10,(433) 384-2686,M,2024,44 Creek Street,(854) 375-6610,10/16/2006,(220) 314-6557,garland@att.net,FALSE,Business Management,Pre-AP English I;Algebra I;World Geography;Biology;Business Information Management I,null;null;null;null;null;null;null;null
BAILEY,CARLOS,Lawrence,15069,192481,9,(674) 470-5829,M,2025,85 NW. Chapel Ave.,(979) 721-0667,3/5/2007,(208) 417-3043,techie@me.com,FALSE,Applied Agricultural Engineering,null,null;null;null;null;null;null;null;null
BANKS,MONICA,Sophia,15086,192589,9,(457) 788-2487,F,2025,8470 Rocky River Dr.,(465) 669-4044,4/6/2007,(390) 791-1155,seemant@msn.com,FALSE,Plant Science,null,null;null;null;null;null;null;null;null
BARNETT,ELY,Felix,23090,238263,9,(412) 447-8575,F,2025,67 George Drive,(928) 329-1193,6/25/2007,(419) 700-4358,subir@msn.com,FALSE,Plant Science,null,null;null;null;null;null;null;null;null
BARNETT,JUSTIN,Ann,22245,233863,9,(571) 976-6500,M,2025,69 Winchester Dr.,(351) 585-6565,8/13/2007,(691) 968-3497,akoblin@yahoo.ca,FALSE,Accounting and Financial Services,null,null;null;null;null;null;null;null;null
BARRON,JADON,Tanner,5447,115724,11,(422) 461-8614,M,2023,950 East Annadale St.,(990) 544-4281,7/27/2005,(614) 204-5251,jfreedma@live.com,FALSE,Design and Multimedia Arts,English I;English II;Journalism;Algebra I;Geometry;World Geography;AP World History;Biology;Chemistry;Principles of Arts Audio/Video Technology and Communications;Graphic Design and Illustration I,null;null;null;null;null;null;null;null
BONNER,SELENA,Evelyn,7085,131982,12,(837) 927-5578,F,2022,9147 Greenrose Street,(817) 540-1621,7/27/2004,(451) 932-9071,bogjobber@att.net,TRUE,Plant Science,English I;English II;English III;Algebra I;Geometry;Algebra II;World Geography;World History;Biology;Chemistry;Physics;Principles of Agriculture Food & Natural Resources;Horticultural Science;Floral Design,null;null;null;null;null;null;null;null
BOURNE,PRICILA,Abraham,18917,215661,10,(959) 273-6910,F,2024,750 Mayfair Street,(980) 227-9323,5/19/2006,(613) 664-6904,mwilson@att.net,FALSE,Accounting and Financial Services,English I;Algebra I;World Geography;Biology;Principles of Business; Marketing; and Finance,null;null;null;null;null;null;null;null
BRADFORD,NIYAH,Byron,28070,262704,10,(902) 858-9697,F,2024,517 Cherry Lane,(754) 496-8307,4/17/2006,(635) 312-7603,jelmer@mac.com,FALSE,Design and Multimedia Arts,English I;Algebra I;World Geography;Biology;Principles of Arts Audio/Video Technology and Communications,null;null;null;null;null;null;null;null
BRADY,ALEXANDRA,Mirabel,3354,90808,10,(867) 918-6039,F,2024,9828 Birch Hill Circle,(337) 480-5110,1/25/2006,(722) 549-9104,ryanshaw@outlook.com,FALSE,Animal Science,English I;Algebra I;World Geography;Biology;Principles of Agriculture Food & Natural Resources,null;null;null;null;null;null;null;null
BRENNAN,GENESIS,Rose,19715,220163,9,(354) 408-7169,F,2025,727 Center St.,(747) 758-6241,9/25/2007,(589) 319-0523,peterhoeg@gmail.com,FALSE,Business Management,null,null;null;null;null;null;null;null;null
BRIAGAS,CAVECIA,Oren,28494,264681,12,(519) 541-8434,F,2022,462 South 2nd Ave.,(664) 888-9763,12/2/2004,(588) 636-1708,andrei@yahoo.ca,FALSE,Plant Science,Pre-AP English I;Pre AP English II;AP English III Language and Composition;Algebra I;Geometry;Algebra II;World Geography;World History;Biology;Chemistry;Physics;Principles of Agriculture Food & Natural Resources;Horticultural Science;Floral Design,null;null;null;null;null;null;null;null
BRIZUELA-CABALLERO,JOHN,Glenn,14746,190407,10,(325) 400-1071,M,2024,887 N. Yukon St.,(652) 662-0198,7/6/2006,(352) 530-3502,luvirini@sbcglobal.net,FALSE,Applied Agricultural Engineering,English I;Algebra I;World Geography;Biology;Principles of Agriculture Food & Natural Resources,null;null;null;null;null;null;null;null
BROWN,KATHERINE,Emeline,31153,276755,12,(720) 747-2342,F,2022,30 Sierra Street,(581) 519-7518,8/1/2004,(244) 305-3498,dbindel@icloud.com,FALSE,Digital Communications,Pre-AP English I;Pre AP English II;AP English III Language and Composition;Algebra I;Geometry;Algebra II;World Geography;AP World History;Biology;Chemistry;Physics;Professional Communications;Audio/Video Production I;Audio/Video Production II;Principles of Arts Audio/Video Technology and Communications,null;null;null;null;null;null;null;null
BURKE,ALEX,Elodie,22921,237390,9,(290) 280-1477,M,2025,673 Willow Dr.,(960) 727-0019,9/21/2007,(515) 455-7831,kidehen@att.net,FALSE,Welding,null,null;null;null;null;null;null;null;null
BURNETT,DANIEL,Lashon,34315,290461,9,(357) 961-4888,M,2025,125 Bishop Dr.,(556) 698-2385,11/13/2007,(573) 464-3514,gastown@aol.com,FALSE,Architectural Design,null,null;null;null;null;null;null;null;null
BYRD,SERGIO,Gabriel,27019,257739,11,(599) 277-2604,M,2023,57 San Pablo Ave.,(334) 402-0144,8/20/2005,(548) 257-9976,ullman@outlook.com,TRUE,Accounting and Financial Services,English I;English II;Algebra I;Geometry;World Geography;AP World History;Biology;Chemistry;Principles of Business; Marketing; and Finance;Accounting I;Business Information Management I,null;null;null;null;null;null;null;null
CABRERA,FREDRIEL,Coralie,28852,266338,10,(203) 323-8882,F,2024,40 Division Road,(889) 595-5839,6/24/2006,(659) 219-8496,rgarton@comcast.net,FALSE,Animal Science,English I;Journalism;Algebra I;World Geography;Biology;Principles of Agriculture Food & Natural Resources,null;null;null;null;null;null;null;null
CANDLER,DAVONTA,Blake,6195,123414,11,(347) 292-7232,M,2023,9344 Lake View St.,(512) 287-4906,3/9/2005,(349) 291-9834,csilvers@gmail.com,FALSE,Architectural Design,English I;English II;Algebra I;Geometry;World Geography;World History;Biology;Chemistry;Principles of Architecture;Architectural Design I,null;null;null;null;null;null;null;null
CANTU GARCIA,ANGEL,Bianca,19133,216889,9,(718) 365-8086,M,2025,7457 Pennsylvania Lane,(785) 725-7358,7/19/2007,(470) 236-2477,esokullu@yahoo.ca,FALSE,Digital Communications,null,null;null;null;null;null;null;null;null
CASTRO,MIA,Murphy,19621,219637,9,(862) 328-6333,F,2025,73 Bayport St.,(682) 611-6054,10/3/2007,(912) 475-1004,citadel@hotmail.com,FALSE,Business Management,null,null;null;null;null;null;null;null;null
CHAVEZ,ARIANA,Clark,30608,274323,9,(649) 842-2130,F,2025,34 S. Indian Spring Ave.,(723) 376-3017,6/10/2007,(594) 217-0632,bradl@gmail.com,FALSE,Business Management,null,null;null;null;null;null;null;null;null
CLARK,DARIUES,Lynn,33602,287427,11,(389) 964-9046,M,2023,178 E. Pawnee Lane,(957) 422-2156,11/19/2005,(753) 629-9547,mglee@yahoo.ca,FALSE,Architectural Design,Pre-AP English I;Pre-AP English II;Algebra I;Geometry;World Geography;AP World History;Biology;Chemistry;Principles of Architecture;Architectural Design I,null;null;null;null;null;null;null;null
CLARK,BRIONNA,Damien,30909,275669,10,(673) 724-7610,F,2024,318 Brown Dr.,(209) 306-7878,9/4/2006,(220) 604-0519,tmaek@mac.com,FALSE,Design and Multimedia Arts,English I;Journalism;Algebra I;World Geography;Biology;Principles of Arts Audio/Video Technology and Communications,null;null;null;null;null;null;null;null
CLAYTON,NICHOLAS,Lucinda,33898,288690,12,(640) 287-6688,M,2022,15 Fairfield Rd.,(799) 955-2260,11/11/2004,(901) 214-8814,ahmad@optonline.net,FALSE,Design and Multimedia Arts,Pre-AP English I;Pre AP English II;AP English III Language and Composition;Journalism;Algebra I;Geometry;Algebra II;World Geography;AP World History;Biology;Chemistry;Physics;Principles of Arts Audio/Video Technology and Communications;Graphic Design and Illustration I;Graphic Design and Illustration II with Lab,null;null;null;null;null;null;null;null
CONTRERAS,KIMBERLY,Levi,30419,273475,9,(361) 606-7156,F,2025,349 Spring St.,(594) 315-2220,2/20/2007,(930) 465-0748,curly@me.com,FALSE,Plant Science,null,null;null;null;null;null;null;null;null
CONTRERAS,MAKALLIA,Raven,8035,140552,10,(324) 396-2516,F,2024,9 North Border Court,(367) 360-4002,5/15/2006,(500) 273-9766,jipsen@icloud.com,FALSE,Architectural Design,English I;Algebra I;World Geography;Biology;Principles of Architecture,null;null;null;null;null;null;null;null
CROSSEN,TUBOBELEM,Oren,4924,110028,11,(971) 865-4062,F,2023,967 W. Alton Ave.,(672) 292-6414,11/18/2005,(840) 376-7278,jhardin@msn.com,FALSE,Business Management,Pre-AP English I;Pre-AP English II;Journalism;Algebra I;Geometry;World Geography;World History;Biology;Chemistry;Business Information Management I;Business Law;Virtual Business,null;null;null;null;null;null;null;null
CUNNINGHAM,MARLEN,Trey,15115,192774,9,(431) 656-8390,F,2025,8447 Heather Avenue,(239) 684-9224,8/21/2007,(268) 676-3924,noticias@sbcglobal.net,FALSE,Applied Agricultural Engineering,null,null;null;null;null;null;null;null;null
CUNNINGHAM,KEVIN,Dex,4512,105324,12,(953) 969-9814,M,2022,9732 Snake Hill Rd.,(455) 973-3241,12/22/2004,(778) 282-2447,gamma@verizon.net,FALSE,Welding,English I;English II;English III;Algebra I;Geometry;Algebra II;World Geography;AP World History;Biology;Chemistry;Physics;Introduction to Welding;Welding I;Welding II,null;null;null;null;null;null;null;null
DANIELS,YVONNE,Drake,15235,193538,9,(713) 451-5636,F,2025,826 S. Maiden Dr.,(375) 674-6013,10/2/2007,(779) 424-4346,erynf@comcast.net,FALSE,Digital Communications,null,null;null;null;null;null;null;null;null
DAVIS,GEMA,Charles,15126,192844,9,(423) 216-6210,F,2025,8442 Hilltop St.,(268) 838-2987,7/13/2007,(791) 608-6539,kimvette@sbcglobal.net,FALSE,Animal Science,null,null;null;null;null;null;null;null;null
DELGADO,MAURICIO,Coy,4868,109401,10,(742) 381-8139,M,2024,9713 Henry Court,(792) 736-2957,6/22/2006,(678) 394-8920,jramio@att.net,FALSE,Applied Agricultural Engineering,English I;Algebra I;World Geography;Biology;Principles of Agriculture Food & Natural Resources,null;null;null;null;null;null;null;null
DIAZ,JOSE,Natalie,5798,119394,12,(960) 912-7138,M,2022,9392 South Dunbar Street,(874) 895-7179,9/23/2004,(413) 734-8965,tarreau@yahoo.com,FALSE,Architectural Design,English I;English II;English III;Algebra I;Geometry;Algebra II;World Geography;AP World History;Biology;Chemistry;Physics;Principles of Architecture;Architectural Design I;Architectural Design II,null;null;null;null;null;null;null;null
EVANS,IVAN,Blair,14966,191822,9,(796) 236-8413,M,2025,8640 Studebaker Ave.,(899) 561-0352,9/6/2007,(928) 744-4765,wenzlaff@verizon.net,FALSE,Design and Multimedia Arts,null,null;null;null;null;null;null;null;null
FIGUEROA,JORDAN,Dawn,15134,192895,9,(286) 768-1016,M,2025,8400 Prince St.,(204) 971-2875,3/20/2007,(927) 780-7637,giafly@icloud.com,FALSE,Business Management,null,null;null;null;null;null;null;null;null
FISHER,KATHERINE,Marcellus,25831,252009,10,(580) 411-2724,F,2024,60 Wrangler Lane,(494) 377-2243,9/16/2006,(975) 732-2781,garyjb@comcast.net,FALSE,Design and Multimedia Arts,English I;Algebra I;World Geography;Biology;Principles of Arts Audio/Video Technology and Communications,null;null;null;null;null;null;null;null
FLETCHER,JONATHAN,Riley,5204,113113,10,(896) 313-5177,M,2024,9542 New Lane,(486) 822-2270,1/27/2006,(966) 927-5287,fmerges@verizon.net,FALSE,Digital Communications,Pre-AP English I;Journalism;Algebra I;World Geography;Biology;Professional Communications;Principles of Arts Audio/Video Technology and Communications,null;null;null;null;null;null;null;null
FOX,ERIK,Brendon,32218,281446,12,(637) 887-3060,M,2022,24 Glen Eagles Street,(892) 570-2682,12/16/2004,(780) 349-5440,yxing@me.com,FALSE,Plant Science,Pre-AP English I;Pre AP English II;AP English III Language and Composition;Journalism;Algebra I;Geometry;Algebra II;World Geography;AP World History;Biology;Chemistry;Physics;Principles of Agriculture Food & Natural Resources;Horticultural Science;Floral Design,null;null;null;null;null;null;null;null
FRUTIZ,CHAD,Luke,14761,190503,9,(490) 460-5229,M,2025,886 Bear Hill Dr.,(566) 302-1768,4/1/2007,(352) 466-3395,dcoppit@yahoo.com,FALSE,Welding,null,null;null;null;null;null;null;null;null
GARCIA,KANTAPONG,Ricardo,34038,289286,10,(839) 482-2576,M,2024,136 Country Club St.,(929) 543-5740,10/6/2006,(860) 759-6251,storerm@hotmail.com,FALSE,Accounting and Financial Services,English I;Journalism;Algebra I;World Geography;Biology;Principles of Business; Marketing; and Finance,null;null;null;null;null;null;null;null
GARCIA,ANAYA,Justin,33221,285793,9,(821) 674-3637,F,2025,2 Talbot St.,(903) 255-0641,7/5/2007,(784) 664-3816,madler@att.net,FALSE,Electrical,null,null;null;null;null;null;null;null;null
GARCIA,JAVOY,Dean,28910,266606,9,(932) 975-0359,M,2025,4 Stillwater Street,(917) 243-5419,5/4/2007,(225) 682-4163,eabrown@yahoo.com,FALSE,Applied Agricultural Engineering,null,null;null;null;null;null;null;null;null
GARCIA,ERIC,Claudia,27952,262151,9,(739) 520-6613,M,2025,52 Edgefield St.,(247) 843-1078,8/22/2007,(878) 596-1596,thomasj@mac.com,FALSE,Animal Science,null,null;null;null;null;null;null;null;null
GARCIA CRUZ,ANTHONY,Marcella,26608,255771,9,(530) 371-8487,M,2025,59 Madison Avenue,(483) 941-2086,7/17/2007,(283) 219-9707,aprakash@verizon.net,FALSE,Applied Agricultural Engineering,null,null;null;null;null;null;null;null;null
GARZA,JAVARIUS,Caprice,32071,280803,9,(215) 817-6380,M,2025,252 Honey Creek St.,(869) 247-1307,7/22/2007,(401) 845-7729,monkeydo@icloud.com,FALSE,Applied Agricultural Engineering,null,null;null;null;null;null;null;null;null
GAUCIN,MARQUISTE,Louisa,22255,233915,11,(593) 203-1995,M,2023,69 Bridgeton Drive,(989) 592-9858,11/3/2005,(870) 663-7178,jorgb@verizon.net,FALSE,Architectural Design,Pre-AP English I;Pre-AP English II;Algebra I;Geometry;World Geography;AP World History;Biology;Chemistry;Principles of Architecture;Architectural Design I,null;null;null;null;null;null;null;null
GIBSON,YENITZA,Amity,15267,193741,9,(931) 843-0415,F,2025,82 Wakehurst Street,(226) 764-5567,2/26/2007,(470) 844-3719,comdig@mac.com,FALSE,Accounting and Financial Services,null,null;null;null;null;null;null;null;null
GODINEZ GODINEZ,JO-ELLA,Bram,18569,213668,10,(826) 224-8102,F,2024,7745 Clark St.,(588) 656-1137,10/17/2006,(233) 325-6114,moxfulder@aol.com,FALSE,Animal Science,English I;Algebra I;World Geography;Biology;Principles of Agriculture Food & Natural Resources,null;null;null;null;null;null;null;null
GOMEZ JIMENEZ,LIZBETH,Porter,34558,291487,10,(494) 400-5882,F,2024,1 N. Manor Street,(602) 670-8344,11/16/2006,(298) 920-2826,kostas@aol.com,FALSE,Applied Agricultural Engineering,English I;Algebra I;World Geography;Biology;Principles of Agriculture Food & Natural Resources,null;null;null;null;null;null;null;null
GONZALES,BRITNEY,Amelia,19611,219581,12,(353) 700-1684,F,2022,731 S. Front Ave.,(829) 485-5768,2/25/2004,(497) 706-0499,stefano@gmail.com,FALSE,Architectural Design,English I;English II;English III;Journalism;Algebra I;Geometry;Algebra II;World Geography;AP World History;Biology;Chemistry;Physics;Principles of Architecture;Architectural Design I;Architectural Design II,null;null;null;null;null;null;null;null
GONZALEZ,DERRICK,Oscar,30144,272236,11,(992) 776-9136,M,2023,37 Depot Avenue,(300) 240-0051,11/1/2005,(633) 721-5417,dmiller@me.com,FALSE,Welding,English I; English II;Algebra I;Geometry;World Geography;AP World History;Biology;Chemistry;Introduction to Welding;Welding I,null;null;null;null;null;null;null;null
GONZALEZ,FELIX,Caleb,24362,244738,10,(468) 438-9400,M,2024,623 Manor Ave.,(841) 325-1580,8/16/2006,(580) 683-6797,bruck@hotmail.com,FALSE,Architectural Design,English I;Algebra I;World Geography;Biology;Principles of Architecture,null;null;null;null;null;null;null;null
GONZALEZ,MASON,George,20391,223905,12,(429) 528-8339,M,2022,7222 Wayne St.,(641) 898-5155,11/8/2004,(725) 517-8559,philb@sbcglobal.net,FALSE,Design and Multimedia Arts,Pre-AP English I;Pre AP English II;AP English III Language and Composition;Journalism;Algebra I;Geometry;Algebra II;World Geography;World History;Biology;Chemistry;Physics;Principles of Arts Audio/Video Technology and Communications;Graphic Design and Illustration I;Graphic Design and Illustration II with Lab,null;null;null;null;null;null;null;null
GRIFFITH,REBECA,Kingston,34455,291053,9,(593) 742-9002,F,2025,12 6th Drive,(252) 951-6001,4/1/2007,(547) 914-3662,wortmanj@hotmail.com,FALSE,Digital Communications,null,null;null;null;null;null;null;null;null
GUTIERREZ,BRAYLYNN,Warren,25938,252530,10,(811) 225-1595,F,2024,6 Littleton Court,(226) 498-1807,4/3/2006,(494) 481-9414,cfhsoft@optonline.net,FALSE,Digital Communications,English I;Algebra I;World Geography;Biology;Professional Communications;Principles of Arts Audio/Video Technology and Communications,null;null;null;null;null;null;null;null
GUTIERREZ,TERRY,William,6174,123205,10,(473) 327-5996,M,2024,9384 N. St Paul Dr.,(362) 372-6627,9/9/2006,(657) 285-7721,campware@aol.com,FALSE,Architectural Design,English I;Algebra I;World Geography;Biology;Principles of Architecture,null;null;null;null;null;null;null;null
HALL,ANTONIO,Zane,27377,259441,10,(210) 760-8133,M,2024,54 Court St.,(962) 288-5784,3/7/2006,(434) 270-2450,atmarks@verizon.net,FALSE,Animal Science,English I;Algebra I;World Geography;Biology;Principles of Agriculture Food & Natural Resources,null;null;null;null;null;null;null;null
HENRY,YARELYS,Porter,15247,193614,9,(515) 224-4784,F,2025,8258 W. Court Dr.,(918) 759-0780,7/24/2007,(783) 643-8891,symbolic@icloud.com,FALSE,Digital Communications,null,null;null;null;null;null;null;null;null
HERNANDEZ,BRADLEY,Sutton,6428,125714,10,(977) 338-5127,M,2024,928 Wild Rose Ave.,(922) 259-8350,5/9/2006,(698) 897-2758,ntegrity@mac.com,FALSE,Applied Agricultural Engineering,English I;Algebra I;World Geography;Biology;Principles of Agriculture Food & Natural Resources,null;null;null;null;null;null;null;null
HOUGHTON,NANCY,Blake,15625,196000,9,(357) 893-6619,F,2025,7977 Sulphur Springs Dr.,(841) 230-8234,4/16/2007,(262) 645-0689,crobles@outlook.com,FALSE,Business Management,null,null;null;null;null;null;null;null;null
JENKINS,ANTHONY,Sharon,26473,255121,12,(546) 363-8725,M,2022,594 Paris Hill Drive,(737) 873-3173,1/18/2004,(990) 268-1368,hellfire@hotmail.com,FALSE,Digital Communications,Pre-AP English I;Pre AP English II;AP English III Language and Composition;Algebra I;Geometry;Algebra II;World Geography;AP World History;Biology;Chemistry;Physics;Professional Communications;Audio/Video Production I;Audio/Video Production II;Principles of Arts Audio/Video Technology and Communications,null;null;null;null;null;null;null;null
JIMENEZ,JORDAN,Abe,23640,241084,12,(441) 862-1541,M,2022,635 High Noon St.,(976) 666-0906,2/25/2004,(756) 597-1357,jamuir@live.com,TRUE,Electrical,English I;English II;English III;Algebra I;Geometry;Algebra II;World Geography;World History;Biology;Chemistry;Physics;Principles of Architecture;Architectural Design I;Electrical Technology I,null;null;null;null;null;null;null;null
KLEIN,CHRISTOPHER,Jolee,6341,124860,12,(391) 493-3347,M,2022,9307 Miles Ave.,(312) 850-6326,2/22/2004,(656) 568-4414,chance@optonline.net,FALSE,Applied Agricultural Engineering,English I;English II;English III;Algebra I;Geometry;Algebra II;World Geography;AP World History;Biology;Chemistry;Physics;Principles of Agriculture Food & Natural Resources;Agricultural Mechanics and Metal Technologies (NCCER Certification),null;null;null;null;null;null;null;null
KLEIN,ANGEL,Henry,6340,124850,10,(517) 837-5426,M,2024,9309 Joy Ridge Ave.,(226) 929-8297,4/17/2006,(400) 821-3325,jgoerzen@hotmail.com,FALSE,Accounting and Financial Services,English I;Journalism;Algebra I;World Geography;Biology;Principles of Business; Marketing; and Finance,null;null;null;null;null;null;null;null
LOVE,SHARY,Orlando,30992,276039,9,(750) 833-0986,F,2025,306 N. Rockland Court,(432) 953-6067,5/18/2007,(668) 452-1408,sthomas@comcast.net,FALSE,Accounting and Financial Services,null,null;null;null;null;null;null;null;null
LUNA,ISAIAH,Sutton,30340,273120,9,(475) 290-6290,M,2025,354 SW. Tunnel Street,(894) 590-7471,5/4/2007,(853) 438-1647,kludge@gmail.com,FALSE,Animal Science,null,null;null;null;null;null;null;null;null
MACK,CRISTIAN,Kaitlin,6455,125977,10,(622) 631-9063,M,2024,9266 N. Hickory Ave.,(446) 316-0694,11/19/2006,(247) 359-6517,phish@msn.com,FALSE,Animal Science,English I;Algebra I;World Geography;Biology;Principles of Agriculture Food & Natural Resources,null;null;null;null;null;null;null;null
MAGALLON CHAVEZ,QUINCY,Michael,25979,252730,12,(382) 574-4336,M,2022,598 Spring St.,(655) 515-5694,1/20/2004,(614) 516-5334,mbalazin@msn.com,FALSE,Electrical,English I;English II;English III;Algebra I;Geometry;Algebra II;World Geography;World History;Biology;Chemistry;Physics;Principles of Architecture;Architectural Design I;Electrical Technology I,null;null;null;null;null;null;null;null
MARTINEZ,SIAH,Kingston,15193,289537,10,(615) 729-0381,F,2023,13 South Trenton St.,(287) 400-2188,3/12/2005,(772) 845-4478,sagal@gmail.com,FALSE,Business Management,English I;Algebra I;World Geography;Biology;Business Information Management I,null;null;null;null;null;null;null;null
MARTINEZ,DESTINY,Paul,33534,287136,11,(560) 981-5703,F,2023,183 Wood St.,(535) 895-9833,9/19/2005,(560) 603-2684,microfab@gmail.com,FALSE,Welding,Pre-AP English I;Pre-AP English II;Journalism;Algebra I;Geometry;World Geography;World History;Biology;Chemistry;Introduction to Welding;Welding I,null;null;null;null;null;null;null;null
MARTINEZ,DANQUINEASHA,Judd,34097,193271,11,(944) 425-1659,F,2024,8379 Virginia Rd.,(661) 501-9009,10/17/2006,(377) 824-6604,ivoibs@outlook.com,FALSE,Electrical,English I;English II;Algebra I;Geometry;World Geography;AP World History;Biology;Chemistry;Principles of Architecture;Architectural Design I,null;null;null;null;null;null;null;null
MARTINEZ MEJIA,MARKETTA,Troy,33624,287521,11,(792) 365-1942,F,2023,177 East Brookside Street,(216) 880-7772,9/1/2005,(864) 898-6451,ntegrity@verizon.net,FALSE,Animal Science,English I;English II;Algebra I;Geometry;World Geography;AP World History;Biology;Chemistry;Principles of Agriculture Food & Natural Resources;Samll Animal Management;Equine Science;Livestock Production,null;null;null;null;null;null;null;null
MATA,JULIUS,Tavian,32073,280812,10,(316) 806-2066,M,2024,25 Rocky River Street,(957) 398-2428,7/26/2006,(958) 536-9061,mstrout@me.com,FALSE,Accounting and Financial Services,English I;Algebra I;World Geography;Biology;Principles of Business; Marketing; and Finance,null;null;null;null;null;null;null;null
MAXWELL,DANIELA,Candice,6539,126794,10,(734) 595-1482,F,2024,9232 Newbridge Drive,(203) 377-7379,2/9/2006,(503) 534-7527,parsimony@yahoo.ca,FALSE,Business Management,Pre-AP English I;Algebra I;World Geography;Biology;Business Information Management I,null;null;null;null;null;null;null;null
MAY,DIGNA,Gavin,30819,275267,12,(865) 411-5800,F,2022,32 Catherine Court,(783) 500-8481,12/18/2004,(423) 541-3244,tbusch@sbcglobal.net,FALSE,Applied Agricultural Engineering,English I;English II;English III;Algebra I;Geometry;Algebra II;World Geography;AP World History;Biology;Chemistry;Physics;Principles of Agriculture Food & Natural Resources;Agricultural Mechanics and Metal Technologies (NCCER Certification),null;null;null;null;null;null;null;null
MCCORMICK,BRYCE,Louis,3327,90442,12,(201) 465-9058,M,2022,9861 Gregory Drive,(544) 887-2273,2/5/2004,(591) 696-8691,wojciech@gmail.com,FALSE,Architectural Design,English I;English II;English III;Algebra I;Geometry;Algebra II;World Geography;AP World History;Biology;Chemistry;Physics;Principles of Architecture;Architectural Design I;Architectural Design II,null;null;null;null;null;null;null;null
MCDANIEL,THADDEUS,Haiden,32022,280588,10,(987) 663-4103,M,2024,26 Plymouth St.,(861) 269-8492,6/20/2006,(266) 214-2660,wetter@att.net,FALSE,Electrical,English I;Journalism;Algebra I;World Geography;Biology;Principles of Architecture,null;null;null;null;null;null;null;null
MCGEE,BRANDON,Grey,32732,283682,11,(628) 961-3632,M,2023,225 El Dorado St.,(708) 239-9996,7/5/2005,(316) 884-1652,garland@verizon.net,FALSE,Applied Agricultural Engineering,English I;English II;Algebra I;Geometry;World Geography;World History;Biology;Chemistry;Principles of Agriculture Food & Natural Resources;Agricultural Mechanics and Metal Technologies (NCCER Certification),null;null;null;null;null;null;null;null
MEDINA DELGADILLO,RICARDO,Harriet,6796,129262,12,(458) 521-2698,M,2022,9222 Hudson St.,(735) 703-6481,10/26/2004,(460) 426-3854,willg@att.net,FALSE,Accounting and Financial Services,English I;English II;English III;Algebra I;Geometry;Algebra II;World Geography;AP World History;Biology;Chemistry;Physics;Principles of Business; Marketing; and Finance;Accounting I;Business Information Management I,null;null;null;null;null;null;null;null
MENDOZA,JASMINE,Will,28511,264759,9,(542) 997-3119,F,2025,453 Richardson Dr.,(904) 879-8689,11/16/2007,(833) 262-5633,josem@optonline.net,FALSE,Plant Science,null,null;null;null;null;null;null;null;null
MENDOZA,EDUARDO,Bailey,21010,227278,10,(669) 694-8433,M,2024,711 Harvard St.,(761) 363-6249,5/2/2006,(557) 783-6821,tristan@optonline.net,FALSE,Plant Science,Pre-AP English I;Journalism;Algebra I;World Geography;Biology;Principles of Agriculture Food & Natural Resources,null;null;null;null;null;null;null;null
MENDOZA,JUSTIN,Josiah,18807,215033,12,(764) 621-0883,M,2022,7549 South Glen Creek Ave.,(500) 740-8594,6/23/2004,(222) 524-0779,larry@outlook.com,FALSE,Architectural Design,English I;English II;English III;Algebra I;Geometry;Algebra II;World Geography;World History;Biology;Chemistry;Physics;Principles of Architecture;Architectural Design I;Architectural Design II,null;null;null;null;null;null;null;null
MENDOZA,IYANNA,Leo,18581,213737,9,(696) 959-0701,F,2025,7702 East Adams Dr.,(415) 407-9528,10/12/2007,(827) 502-1105,flavell@hotmail.com,FALSE,Animal Science,null,null;null;null;null;null;null;null;null
MERCY- OGBURN,CHELSEY,Sherleen,31669,279037,12,(410) 951-5475,F,2022,294 1st Dr.,(521) 355-6395,5/7/2004,(378) 577-4763,irving@msn.com,FALSE,Applied Agricultural Engineering,English I;English II;English III;Algebra I;Geometry;Algebra II;World Geography;World History;Biology;Chemistry;Physics;Principles of Agriculture Food & Natural Resources;Agricultural Mechanics and Metal Technologies (NCCER Certification),null;null;null;null;null;null;null;null
MERRITT,ALEXIS,Aryn,25935,252516,11,(507) 587-0088,F,2023,6 Livingston Avenue,(932) 965-3436,4/18/2005,(598) 264-1283,luebke@comcast.net,FALSE,Architectural Design,English I;English II;Algebra I;Geometry;World Geography;AP World History;Biology;Chemistry;Principles of Architecture;Architectural Design I,null;null;null;null;null;null;null;null
MONTOYA,KARLA,Annora,2753,82271,10,(281) 668-5284,F,2024,9930 E. Hillcrest Road,(365) 608-9586,12/25/2006,(245) 589-0646,mbswan@verizon.net,FALSE,Design and Multimedia Arts,English I;Algebra I;World Geography;Biology;Principles of Arts Audio/Video Technology and Communications,null;null;null;null;null;null;null;null
MORALES,LUIS,Lee,14736,190342,9,(335) 690-8054,M,2025,89 Devonshire Street,(472) 956-0965,10/10/2007,(979) 441-7514,flaviog@msn.com,FALSE,Electrical,null,null;null;null;null;null;null;null;null
MORRIS,ELENA,Rebecca,15600,195843,9,(615) 494-8672,F,2025,80 East Fulton Dr.,(707) 265-9450,5/19/2007,(262) 678-9317,earmstro@comcast.net,FALSE,Animal Science,null,null;null;null;null;null;null;null;null
MORRIS,SETH,Love,2905,84512,10,(263) 615-4824,M,2024,990 Front Street,(438) 424-5955,12/11/2006,(651) 429-0396,alhajj@mac.com,FALSE,Electrical,Pre-AP English I;Algebra I;World Geography;Biology;Principles of Architecture,null;null;null;null;null;null;null;null
MORRIS,MELINDA,Preston,2877,84103,12,(540) 224-8052,F,2022,9906 Park Street,(260) 715-8647,9/27/2004,(684) 627-7549,cgarcia@mac.com,TRUE,Digital Communications,English I;English II;English III;Algebra I;Geometry;Algebra II;World Geography;AP World History;Biology;Chemistry;Physics;Professional Communications;Audio/Video Production I;Audio/Video Production II;Principles of Arts Audio/Video Technology and Communications,null;null;null;null;null;null;null;null
MUNOZ,PEDRO,Anise,14739,190361,9,(423) 209-4909,M,2025,888 Clark Lane,(446) 452-1885,5/6/2007,(559) 415-6924,stinson@optonline.net,FALSE,Digital Communications,null,null;null;null;null;null;null;null;null
MURRAY,SARAH,Meaghan,25340,249602,9,(853) 752-0418,F,2025,612 East Gates St.,(273) 323-4706,6/15/2007,(795) 345-7368,crobles@aol.com,FALSE,Architectural Design,null,null;null;null;null;null;null;null;null
MURRAY,OFELIA,Jared,23707,241426,9,(257) 808-3681,F,2025,631 Ryan Dr.,(425) 853-3204,12/4/2007,(328) 726-0034,miami@me.com,FALSE,Accounting and Financial Services,null,null;null;null;null;null;null;null;null
NICHOLS,TREVEON,Lane,33770,288145,10,(669) 781-8367,M,2024,150 West Hawthorne Court,(697) 529-0318,5/6/2006,(672) 487-7801,seanq@gmail.com,FALSE,Electrical,Pre-AP English I;Algebra I;World Geography;Biology;Principles of Architecture,null;null;null;null;null;null;null;null
OLIVER,REUEL,Fawn,27162,258420,12,(532) 302-6442,M,2022,55 Hilltop Drive,(789) 261-1271,5/1/2004,(721) 288-6246,dmiller@me.com,FALSE,Digital Communications,English I;English II;English III;Journalism;Algebra I;Geometry;Algebra II;World Geography;World History;Biology;Chemistry;Physics;Professional Communications;Audio/Video Production I;Audio/Video Production II;Principles of Arts Audio/Video Technology and Communications,null;null;null;null;null;null;null;null
OLVERA,NATASHA,Henry,29918,271214,10,(797) 486-0489,F,2024,372 Pumpkin Hill Road,(637) 625-0564,6/17/2006,(893) 253-2414,devphil@verizon.net,FALSE,Plant Science,English I;Algebra I;World Geography;Biology;Principles of Agriculture Food & Natural Resources,null;null;null;null;null;null;null;null
ORELLANA,ALI,Arden,19226,217415,10,(533) 701-4998,M,2024,7424 Hilltop Ave.,(938) 910-0682,2/1/2006,(611) 745-5618,kmself@me.com,FALSE,Welding,English I;Algebra I;World Geography;Biology;Introduction to Welding,null;null;null;null;null;null;null;null
ORTIZ,ABNER,Elein,7263,133630,9,(636) 584-8817,M,2025,9129 Rockcrest Circle,(513) 342-9470,7/24/2007,(729) 777-4523,jbearp@att.net,FALSE,Animal Science,null,null;null;null;null;null;null;null;null
PACHECO,DAYANARA,Jackson,33274,286021,10,(323) 611-1830,F,2024,199 North Rose Ave.,(486) 455-7914,11/14/2006,(527) 498-5559,timtroyr@me.com,FALSE,Welding,English I;Algebra I;World Geography;Biology;Introduction to Welding,null;null;null;null;null;null;null;null
PARKS,CRISTIAN,Aryn,23622,240992,12,(772) 343-6045,M,2022,65 Applegate St.,(505) 554-8383,6/4/2004,(655) 372-6900,parasite@me.com,FALSE,Welding,Pre-AP English I;Pre AP English II;AP English III Language and Composition;Journalism;Algebra I;Geometry;Algebra II;World Geography;World History;Biology;Chemistry;Physics;Introduction to Welding;Welding I;Welding II,null;null;null;null;null;null;null;null
PARKS,JONATHAN,Damien,6928,130511,11,(377) 386-4690,M,2023,9199 Summerhouse St.,(548) 318-4950,8/5/2005,(601) 771-6489,smallpaul@msn.com,FALSE,Architectural Design,English I;English II;Journalism;Algebra I;Geometry;World Geography;World History;Biology;Chemistry;Principles of Architecture;Architectural Design I,null;null;null;null;null;null;null;null
PARRY,JAEDON,Selene,19288,217765,9,(673) 898-8734,M,2025,7377 Fairway Street,(761) 234-4063,1/25/2007,(506) 679-2527,qrczak@yahoo.com,FALSE,Accounting and Financial Services,null,null;null;null;null;null;null;null;null
PATTERSON,COLE,Tanner,28785,266029,9,(341) 404-7106,M,2025,41 E. Rose Street,(461) 304-4406,5/2/2007,(725) 528-0176,erynf@aol.com,FALSE,Welding,null,null;null;null;null;null;null;null;null
PAYNE,ALDAIR,Brighton,6946,130681,11,(735) 457-8950,M,2023,9197 Prairie Ave.,(218) 434-5974,1/23/2005,(468) 951-1475,dvdotnet@verizon.net,FALSE,Architectural Design,English I;English II;Journalism;Algebra I;Geometry;World Geography;World History;Biology;Chemistry;Principles of Architecture;Architectural Design I,null;null;null;null;null;null;null;null
PEREZ,DAVID,Rory,7501,135801,10,(589) 639-4496,M,2024,91 Liberty St.,(633) 374-7982,8/3/2006,(933) 508-0138,manuals@yahoo.com,FALSE,Design and Multimedia Arts,Pre-AP English I;Algebra I;World Geography;Biology;Principles of Arts Audio/Video Technology and Communications,null;null;null;null;null;null;null;null
PERRY,JESUS,Brett,27037,257825,11,(756) 933-0013,M,2023,569 East Vale Dr.,(232) 919-0290,6/8/2005,(845) 705-5639,onestab@sbcglobal.net,TRUE,Electrical,English I;English II;Algebra I;Geometry;World Geography;AP World History;Biology;Chemistry;Principles of Architecture;Architectural Design I,null;null;null;null;null;null;null;null
PHILLIPS,JAMIE,Wade,16198,276586,9,(342) 607-0052,F,2024,304 E. Pumpkin Hill Court,(517) 928-9823,7/14/2006,(983) 455-0164,jacks@aol.com,FALSE,Applied Agricultural Engineering,null,null;null;null;null;null;null;null;null
PHILLIPS,LAURA,Apollo,31115,199561,10,(740) 947-4648,F,2025,785 Canal St.,(811) 666-1681,11/15/2007,(705) 441-0546,maneesh@att.net,FALSE,Applied Agricultural Engineering,Pre-AP English I;Journalism;Algebra I;World Geography;Biology;Principles of Agriculture Food & Natural Resources,null;null;null;null;null;null;null;null
PIEDRA SAUCEDO,DESTINY,Sophia,34065,289401,12,(930) 796-1770,F,2022,132 Church St.,(708) 492-1005,5/7/2004,(877) 289-8007,gtewari@verizon.net,TRUE,Architectural Design,English I;English II;English III;Algebra I;Geometry;Algebra II;World Geography;World History;Biology;Chemistry;Physics;Principles of Architecture;Architectural Design I;Architectural Design II,null;null;null;null;null;null;null;null
PORTILLA,NEVAEH,Brendon,8664,145950,12,(248) 935-4089,F,2022,8946 Annadale St.,(986) 820-8715,4/19/2004,(241) 724-5052,choset@optonline.net,TRUE,Design and Multimedia Arts,English I;English II;English III;Algebra I;Geometry;Algebra II;World Geography;World History;Biology;Chemistry;Physics;Principles of Arts Audio/Video Technology and Communications;Graphic Design and Illustration I;Graphic Design and Illustration II with Lab,null;null;null;null;null;null;null;null
PRADIA,LORA,Randall,15231,193513,9,(234) 849-6178,F,2025,828 Sycamore Drive,(543) 381-7086,11/19/2007,(564) 613-9098,mfleming@gmail.com,FALSE,Welding,null,null;null;null;null;null;null;null;null
PRICE,ISRAEL,Charles,34218,290050,12,(273) 862-6010,M,2022,13 Nicolls Road,(892) 840-5492,1/4/2004,(280) 734-3607,violinhi@att.net,FALSE,Accounting and Financial Services,English I;English II;English III;Journalism;Algebra I;Geometry;Algebra II;World Geography;AP World History;Biology;Chemistry;Physics;Principles of Business; Marketing; and Finance;Accounting I;Business Information Management I,null;null;null;null;null;null;null;null
PRICE,JOSE,Apollo,7128,132382,10,(414) 495-4504,M,2024,9142 North Lees Creek Street,(802) 728-8869,3/17/2006,(495) 956-2112,paina@aol.com,FALSE,Welding,Pre-AP English I;Algebra I;World Geography;Biology;Introduction to Welding,null;null;null;null;null;null;null;null
QUEZADA ESTRADA,NATHALIE,Rhett,19211,217330,12,(777) 334-0619,F,2022,7445 East Newcastle Ave.,(511) 640-1742,10/13/2004,(424) 962-5998,monkeydo@outlook.com,TRUE,Architectural Design,Pre-AP English I;Pre AP English II;AP English III Language and Composition;Algebra I;Geometry;Algebra II;World Geography;World History;Biology;Chemistry;Physics;Principles of Architecture;Architectural Design I;Architectural Design II,null;null;null;null;null;null;null;null
QUIROZ,SARA,Dustin,30771,275053,9,(257) 561-7653,F,2025,33 Jefferson Street,(889) 927-1689,4/10/2007,(269) 978-5920,kewley@yahoo.com,FALSE,Animal Science,null,null;null;null;null;null;null;null;null
RASHEED,RAQUEL,Rylie,14790,190690,9,(903) 472-4399,F,2025,88 West Indian Summer Rd.,(902) 357-5649,3/19/2007,(976) 919-2612,jfinke@optonline.net,FALSE,Design and Multimedia Arts,null,null;null;null;null;null;null;null;null
RAYO,JOSE,Berlynn,30495,273816,12,(953) 709-7110,M,2022,345 Anderson St.,(593) 719-0777,7/21/2004,(761) 888-6065,curly@live.com,TRUE,Accounting and Financial Services,English I;English II;English III;Journalism;Algebra I;Geometry;Algebra II;World Geography;World History;Biology;Chemistry;Physics;Principles of Business; Marketing; and Finance;Accounting I;Business Information Management I,null;null;null;null;null;null;null;null
REYES,KENNETH,Monteen,15721,196601,10,(473) 999-2993,M,2024,7931 Sierra Lane,(770) 768-4624,9/15/2006,(648) 482-9895,lauronen@outlook.com,FALSE,Digital Communications,English I;Algebra I;World Geography;Biology;Professional Communications;Principles of Arts Audio/Video Technology and Communications,null;null;null;null;null;null;null;null
REYES-RUIZ,BRIAN,Jane,26150,253560,9,(699) 396-3084,M,2025,595 Cottage Drive,(392) 298-8766,7/23/2007,(488) 434-2494,skajan@msn.com,FALSE,Applied Agricultural Engineering,null,null;null;null;null;null;null;null;null
RICHARDS,GLORIA,Evony,23097,238299,12,(328) 203-9661,F,2022,67 Bridle Ave.,(820) 677-4246,9/12/2004,(775) 416-6140,dwsauder@comcast.net,FALSE,Welding,Pre-AP English I;Pre AP English II;AP English III Language and Composition;Journalism;Algebra I;Geometry;Algebra II;World Geography;World History;Biology;Chemistry;Physics;Introduction to Welding;Welding I;Welding II,null;null;null;null;null;null;null;null
RIOS,MEYLAN,Matteo,31751,279398,12,(409) 231-5761,F,2022,27 Wellington St.,(466) 932-0066,6/22/2004,(583) 711-2970,valdez@msn.com,FALSE,Plant Science,English I;English II;English III;Algebra I;Geometry;Algebra II;World Geography;AP World History;Biology;Chemistry;Physics;Principles of Agriculture Food & Natural Resources;Horticultural Science;Floral Design,null;null;null;null;null;null;null;null
RIOS,KLIMBERT,Sean,19666,219889,10,(403) 829-4473,M,2024,73 Arrowhead Ave.,(202) 330-9044,5/16/2006,(610) 494-1013,avalon@live.com,FALSE,Welding,English I;Algebra I;World Geography;Biology;Introduction to Welding,null;null;null;null;null;null;null;null
ROBLES,MELANIE,Naveen,15055,192391,10,(416) 402-3112,F,2024,8511 Gartner Ave.,(215) 674-4519,4/1/2006,(273) 308-7326,uncled@yahoo.com,FALSE,Welding,English I;Algebra I;World Geography;Biology;Introduction to Welding,null;null;null;null;null;null;null;null
RODRIGUEZ,RA YANNA,Lydon,8228,142230,11,(973) 546-8203,F,2023,896 Manor Station Dr.,(450) 360-0573,10/23/2005,(571) 482-6423,tsuruta@live.com,FALSE,Design and Multimedia Arts,English I;English II;Algebra I;Geometry;World Geography;World History;Biology;Chemistry;Principles of Arts Audio/Video Technology and Communications;Graphic Design and Illustration I,null;null;null;null;null;null;null;null
RODRIGUEZ-CORADO,THORNTON,Carlen,15719,196588,10,(762) 225-4534,M,2024,7940 Arrowhead Court,(268) 259-4988,9/1/2006,(385) 485-0996,mcraigw@verizon.net,FALSE,Plant Science,English I;Algebra I;World Geography;Biology;Principles of Agriculture Food & Natural Resources,null;null;null;null;null;null;null;null
ROMERO,CHARLES,Zoe,33601,287423,9,(829) 888-4741,M,2025,18 Ohio St.,(989) 794-4665,1/19/2007,(699) 475-4479,aprakash@icloud.com,FALSE,Plant Science,null,null;null;null;null;null;null;null;null
SAGASTUME MARTINEZ,ZOE,Rayleen,14759,190491,10,(776) 881-7944,F,2024,8861 W. Thomas Ave.,(895) 620-9555,9/25/2006,(852) 976-4562,tezbo@att.net,FALSE,Welding,English I;Algebra I;World Geography;Biology;Introduction to Welding,null;null;null;null;null;null;null;null
SALAZAR,TEYANA,Brock,31644,278927,10,(703) 575-1587,F,2024,3 Andover Street,(798) 922-7995,3/23/2006,(746) 931-7309,gommix@optonline.net,FALSE,Applied Agricultural Engineering,Pre-AP English I;Journalism;Algebra I;World Geography;Biology;Principles of Agriculture Food & Natural Resources,null;null;null;null;null;null;null;null
SALINAS,AMANDA,Zachary,15574,195679,9,(973) 639-4209,F,2025,8082 Green Lake Street,(763) 624-7843,11/3/2007,(244) 543-9486,bryanw@comcast.net,FALSE,Accounting and Financial Services,null,null;null;null;null;null;null;null;null
SANDOVAL,LUIS,Carelyn,15588,195767,9,(955) 569-9880,M,2025,8039 Del Monte Ave.,(340) 623-8283,2/21/2007,(822) 560-8883,rcwil@live.com,FALSE,Digital Communications,null,null;null;null;null;null;null;null;null
SANTIAGO,RAMIRO,Everett,30321,273034,11,(761) 376-3637,M,2023,362 Schoolhouse Lane,(472) 694-4531,5/21/2005,(602) 707-2400,osrin@gmail.com,FALSE,Digital Communications,English I;English II;Algebra I;Geometry;World Geography;AP World History;Biology;Chemistry;Professional Communications;Professional Communications;Audio/Video Production I;Principles of Arts Audio/Video Technology and Communications,null;null;null;null;null;null;null;null
SAWYER,DANIEL,Lee,22070,232941,10,(421) 318-8155,M,2024,7030 Walt Whitman Rd.,(642) 794-2704,12/17/2006,(312) 738-9513,sassen@msn.com,FALSE,Accounting and Financial Services,English I;Algebra I;World Geography;Biology;Principles of Business; Marketing; and Finance,null;null;null;null;null;null;null;null
SIMIEN,DAGMAR,Brock,7738,137930,10,(895) 937-7568,M,2024,907 Buckingham Road,(984) 540-3067,3/7/2006,(657) 997-8926,kawasaki@icloud.com,FALSE,Animal Science,Pre-AP English I;Algebra I;World Geography;Biology;Principles of Agriculture Food & Natural Resources,null;null;null;null;null;null;null;null
SMITH,VICTOR,Kae,7880,139190,10,(577) 972-9979,M,2024,9020 South Golf Street,(239) 894-4652,6/10/2006,(997) 501-0626,credmond@aol.com,FALSE,Architectural Design,Pre-AP English I;Algebra I;World Geography;Biology;Principles of Architecture,null;null;null;null;null;null;null;null
SMITH,DANIEL,Fern,7787,138366,11,(438) 727-4349,M,2023,905 S. Gregory Street,(553) 889-3558,11/10/2005,(213) 658-2751,dpitts@aol.com,TRUE,Digital Communications,English I;English II;Algebra I;Geometry;World Geography;World History;Biology;Chemistry;Professional Communications;Audio/Video Production I;Principles of Arts Audio/Video Technology and Communications,null;null;null;null;null;null;null;null
SOWELLS,JOCELYN,Matteo,7984,140105,10,(557) 478-4223,F,2024,9004 Rockland Court,(938) 944-2180,2/21/2006,(558) 824-7342,flaviog@hotmail.com,FALSE,Business Management,English I;Algebra I;World Geography;Biology;Business Information Management I,null;null;null;null;null;null;null;null
STANTON,ANTHONY,Syllable,14784,190652,9,(277) 782-6459,M,2025,8824 South Durham Circle,(494) 522-7157,4/4/2007,(299) 698-9915,library@gmail.com,FALSE,Business Management,null,null;null;null;null;null;null;null;null
STARNES,ABNER,Caren,20416,224043,11,(977) 842-1983,M,2023,720 Homestead Circle,(686) 574-8006,2/13/2005,(792) 817-0957,jgoerzen@me.com,FALSE,Digital Communications,Pre-AP English I;Pre-AP English II;Algebra I;Geometry;World Geography;World History;Biology;Chemistry;Professional Communications;Audio/Video Production I;Principles of Arts Audio/Video Technology and Communications,null;null;null;null;null;null;null;null
STOVER,YESSICA,Conrad,8019,140412,12,(716) 328-4952,F,2022,9 SW. Thomas St.,(896) 441-1054,8/26/2004,(918) 332-3368,seebs@yahoo.com,TRUE,Plant Science,English I;English II;English III;Journalism;Algebra I;Geometry;Algebra II;World Geography;AP World History;Biology;Chemistry;Physics;Principles of Agriculture Food & Natural Resources;Horticultural Science;Floral Design,null;null;null;null;null;null;null;null
TAIT,MAYA,Cerise,18583,213748,9,(833) 780-0282,F,2025,77 William Street,(360) 364-6354,8/19/2007,(431) 943-1397,sekiya@me.com,FALSE,Business Management,null,null;null;null;null;null;null;null;null
TAYLOR,CRYSTAL,Jacklyn,28142,263041,12,(524) 463-1603,F,2022,506 Aspen Ave.,(462) 992-2203,5/9/2004,(727) 358-8675,darin@optonline.net,FALSE,Applied Agricultural Engineering,Pre-AP English I;Pre AP English II;AP English III Language and Composition;Algebra I;Geometry;Algebra II;World Geography;World History;Biology;Chemistry;Physics;Principles of Agriculture Food & Natural Resources;Agricultural Mechanics and Metal Technologies (NCCER Certification),null;null;null;null;null;null;null;null
THOMSON,REGINALD,Lydon,32050,280711,12,(961) 541-1058,M,2022,258 Mulberry Lane,(325) 774-6959,2/10/2004,(822) 562-1835,matloff@gmail.com,FALSE,Animal Science,English I;English II;English III;Algebra I;Geometry;Algebra II;World Geography;AP World History;Biology;Chemistry;Physics;Principles of Agriculture Food & Natural Resources;Samll Animal Management;Equine Science;Livestock Production;Advanced Animal Science;Veterinary Medical Applications,null;null;null;null;null;null;null;null
VALLE,ALVARO,Suzan,21640,230661,10,(272) 598-5303,M,2024,71 St Louis Dr.,(730) 922-5455,6/7/2006,(741) 913-1099,xtang@att.net,FALSE,Applied Agricultural Engineering,English I;Algebra I;World Geography;Biology;Principles of Agriculture Food & Natural Resources,null;null;null;null;null;null;null;null
VASQUEZ,TYLER,Taye,15770,196907,9,(660) 899-1588,M,2025,79 Smith Store Street,(562) 202-3124,2/2/2007,(501) 676-9951,carroll@aol.com,FALSE,Welding,null,null;null;null;null;null;null;null;null
VILLEGAS,VIRGINIA,Preston,27204,258620,12,(296) 292-0610,F,2022,54 Primrose St.,(338) 828-7765,11/6/2004,(331) 459-0566,microfab@aol.com,FALSE,Welding,English I;English II;English III;Algebra I;Geometry;Algebra II;World Geography;World History;Biology;Chemistry;Physics;Introduction to Welding;Welding I;Welding II,null;null;null;null;null;null;null;null
WADE,ANNABELLA,Benjamin,14842,191025,9,(851) 364-3579,F,2025,8751 Acacia Drive,(363) 504-5176,3/18/2007,(439) 635-3732,cliffski@icloud.com,FALSE,Accounting and Financial Services,null,null;null;null;null;null;null;null;null
WAGNER,QUINTEN,Dex,28354,264029,9,(906) 891-9615,M,2025,5 Lakewood Street,(250) 613-5215,11/10/2007,(804) 743-0064,lridener@verizon.net,FALSE,Business Management,null,null;null;null;null;null;null;null;null
WALKER,BRIAN,Bailee,20172,284452,10,(216) 980-3703,M,2024,20 Wood St.,(524) 673-5507,3/23/2006,(609) 257-6692,linuxhack@sbcglobal.net,FALSE,Digital Communications,Pre-AP English I;Journalism;Algebra I;World Geography;Biology;Professional Communications;Principles of Arts Audio/Video Technology and Communications,null;null;null;null;null;null;null;null
WALKER,KENNY,Dustin,6840,238212,12,(564) 728-9619,F,2024,672 Newport St.,(348) 364-0967,3/5/2006,(937) 878-1303,rsmartin@att.net,FALSE,Applied Agricultural Engineering,Pre-AP English I;Pre AP English II;AP English III Language and Composition;Journalism;Algebra I;Geometry;Algebra II;World Geography;World History;Biology;Chemistry;Physics;Principles of Agriculture Food & Natural Resources;Agricultural Mechanics and Metal Technologies (NCCER Certification),null;null;null;null;null;null;null;null
WALKER,ALEJANDRO,Luke,32910,222700,10,(277) 299-3101,M,2024,724 Birchwood Ave.,(985) 274-2964,7/10/2006,(540) 387-3615,aprakash@mac.com,FALSE,Business Management,English I;Algebra I;World Geography;Biology;Business Information Management I,null;null;null;null;null;null;null;null
WALKER,EMILY,Grant,23080,129680,10,(704) 203-9496,M,2022,9201 Lakeshore Lane,(384) 299-8922,3/14/2004,(949) 760-5908,hillct@yahoo.ca,TRUE,Architectural Design,Pre-AP English I;Journalism;Algebra I;World Geography;Biology;Principles of Architecture,null;null;null;null;null;null;null;null
WAUDBY,JAKOBE,Neil,28471,264574,10,(994) 483-9469,M,2024,48 South Indian Summer Road,(645) 751-1521,3/2/2006,(458) 694-7196,gtaylor@yahoo.ca,FALSE,Animal Science,Pre-AP English I;Algebra I;World Geography;Biology;Principles of Agriculture Food & Natural Resources,null;null;null;null;null;null;null;null
WHITE,BOBBY,Nevin,25724,251486,10,(639) 420-2708,M,2024,602 Bowman Dr.,(245) 376-7813,6/4/2006,(996) 942-6449,symbolic@comcast.net,FALSE,Digital Communications,English I;Journalism;Algebra I;World Geography;Biology;Professional Communications;Audio/Video Production I;Principles of Arts Audio/Video Technology and Communications,null;null;null;null;null;null;null;null
WILLIAMS,ODARIUS,Candice,30532,273983,12,(292) 908-3220,M,2022,342 Dunbar Street,(999) 837-5498,11/18/2004,(356) 248-4440,sscorpio@sbcglobal.net,FALSE,Business Management,English I;English II;English III;Algebra I;Geometry;Algebra II;World Geography;World History;Biology;Chemistry;Physics;Business Information Management I;Business Law;Human Resources Management,null;null;null;null;null;null;null;null
WOODS,FLORENTINO,Cameron,28462,264532,9,(571) 946-5172,M,2025,494 W. Lees Creek Drive,(824) 296-2441,7/13/2007,(716) 466-9918,cfhsoft@verizon.net,FALSE,Accounting and Financial Services,null,null;null;null;null;null;null;null;null